date,district,city,land_area,num_floors,ground_floor_ratio,first_floor_ratio,top_attachment_ratio,actual_price
2020-01-01 00:00:00,حطين,الرياض,1311.26,2,0.65,0.75,0.7,9746000.0
2020-01-02 18:27:00.367446658,الملقا,الرياض,1503.75,4,0.65,0.75,0.7,12565000.0
2020-01-04 12:54:00.734893317,النرجس,الرياض,2638.68,4,0.65,0.75,0.7,15114000.0
2020-01-06 07:21:01.102339976,النرجس,الرياض,795.19,3,0.65,0.75,0.7,5248000.0
2020-01-08 01:48:01.469786634,الملقا,الرياض,1466.25,2,0.65,0.75,0.7,10431000.0
2020-01-09 20:15:01.837233293,القيروان,الرياض,2929.14,4,0.65,0.75,0.7,15971000.0
2020-01-11 14:42:02.204679952,حطين,الرياض,2419.98,4,0.65,0.75,0.7,22430000.0
2020-01-13 09:09:02.572126610,القيروان,الرياض,2621.84,4,0.65,0.75,0.7,13238000.0
2020-01-15 03:36:02.939573269,الملقا,الرياض,475.64,2,0.65,0.75,0.7,3946000.0
2020-01-16 22:03:03.307019928,حطين,الرياض,563.71,4,0.65,0.75,0.7,6458000.0
2020-01-18 16:30:03.674466586,حطين,الرياض,1946.99,4,0.65,0.75,0.7,14534000.0
2020-01-20 10:57:04.041913245,القيروان,الرياض,2339.48,3,0.65,0.75,0.7,11644000.0
2020-01-22 05:24:04.409359904,الياسمين,الرياض,1776.12,3,0.65,0.75,0.7,10581000.0
2020-01-23 23:51:04.776806562,النرجس,الرياض,1366.91,3,0.65,0.75,0.7,11520000.0
2020-01-25 18:18:05.144253221,الياسمين,الرياض,1181.66,3,0.65,0.75,0.7,7657000.0
2020-01-27 12:45:05.511699880,النرجس,الرياض,1349.43,3,0.65,0.75,0.7,9170000.0
2020-01-29 07:12:05.879146538,الملقا,الرياض,1884.23,2,0.65,0.75,0.7,11344000.0
2020-01-31 01:39:06.246593197,العارض,الرياض,2465.93,2,0.65,0.75,0.7,8221000.0
2020-02-01 20:06:06.614039856,العارض,الرياض,1443.18,2,0.65,0.75,0.7,5712000.0
2020-02-03 14:33:06.981486514,حطين,الرياض,2382.43,2,0.65,0.75,0.7,24768000.0
2020-02-05 09:00:07.348933173,الملقا,الرياض,2057.91,4,0.65,0.75,0.7,19068000.0
2020-02-07 03:27:07.716379832,النرجس,الرياض,1301.21,3,0.65,0.75,0.7,8253000.0
2020-02-08 21:54:08.083826490,الملقا,الرياض,2269.94,3,0.65,0.75,0.7,19228000.0
2020-02-10 16:21:08.451273149,العارض,الرياض,2225.76,2,0.65,0.75,0.7,9812000.0
2020-02-12 10:48:08.818719808,القيروان,الرياض,937.16,3,0.65,0.75,0.7,3552000.0
2020-02-14 05:15:09.186166466,القيروان,الرياض,368.63,2,0.65,0.75,0.7,1644000.0
2020-02-15 23:42:09.553613125,العارض,الرياض,2718.56,2,0.65,0.75,0.7,11196000.0
2020-02-17 18:09:09.921059783,الياسمين,الرياض,973.09,2,0.65,0.75,0.7,6720000.0
2020-02-19 12:36:10.288506442,الياسمين,الرياض,848.27,2,0.65,0.75,0.7,4395000.0
2020-02-21 07:03:10.655953101,القيروان,الرياض,2810.18,2,0.65,0.75,0.7,11471000.0
2020-02-23 01:30:11.023399760,القيروان,الرياض,584.83,3,0.65,0.75,0.7,3204000.0
2020-02-24 19:57:11.390846418,العارض,الرياض,1262.0,3,0.65,0.75,0.7,4608000.0
2020-02-26 14:24:11.758293077,القيروان,الرياض,915.42,3,0.65,0.75,0.7,3262000.0
2020-02-28 08:51:12.125739736,العارض,الرياض,744.57,4,0.65,0.75,0.7,3166000.0
2020-03-01 03:18:12.493186394,النرجس,الرياض,899.69,4,0.65,0.75,0.7,5736000.0
2020-03-02 21:45:12.860633053,حطين,الرياض,890.66,2,0.65,0.75,0.7,6601000.0
2020-03-04 16:12:13.228079712,الملقا,الرياض,475.21,3,0.65,0.75,0.7,4600000.0
2020-03-06 10:39:13.595526370,القيروان,الرياض,1112.37,2,0.65,0.75,0.7,5198000.0
2020-03-08 05:06:13.962973029,القيروان,الرياض,1020.31,3,0.65,0.75,0.7,5157000.0
2020-03-09 23:33:14.330419688,الملقا,الرياض,691.22,3,0.65,0.75,0.7,6960000.0
2020-03-11 18:00:14.697866346,الياسمين,الرياض,953.55,4,0.65,0.75,0.7,9255000.0
2020-03-13 12:27:15.065313005,العارض,الرياض,1293.01,3,0.65,0.75,0.7,5557000.0
2020-03-15 06:54:15.432759664,النرجس,الرياض,1746.59,2,0.65,0.75,0.7,11243000.0
2020-03-17 01:21:15.800206322,القيروان,الرياض,2617.57,4,0.65,0.75,0.7,13161000.0
2020-03-18 19:48:16.167652981,الملقا,الرياض,2220.1,4,0.65,0.75,0.7,15777000.0
2020-03-20 14:15:16.535099640,القيروان,الرياض,2165.53,4,0.65,0.75,0.7,14963000.0
2020-03-22 08:42:16.902546298,الياسمين,الرياض,671.31,2,0.65,0.75,0.7,4164000.0
2020-03-24 03:09:17.269992957,العارض,الرياض,2506.5,2,0.65,0.75,0.7,9027000.0
2020-03-25 21:36:17.637439616,الملقا,الرياض,1004.24,2,0.65,0.75,0.7,5355000.0
2020-03-27 16:03:18.004886274,العارض,الرياض,1242.87,4,0.65,0.75,0.7,7780000.0
2020-03-29 10:30:18.372332933,النرجس,الرياض,1392.17,2,0.65,0.75,0.7,9434000.0
2020-03-31 04:57:18.739779591,العارض,الرياض,324.83,3,0.65,0.75,0.7,1860000.0
2020-04-01 23:24:19.107226250,العارض,الرياض,2928.89,3,0.65,0.75,0.7,13481000.0
2020-04-03 17:51:19.474672909,العارض,الرياض,2060.3,2,0.65,0.75,0.7,7663000.0
2020-04-05 12:18:19.842119567,النرجس,الرياض,348.8,3,0.65,0.75,0.7,2410000.0
2020-04-07 06:45:20.209566226,حطين,الرياض,2592.9,2,0.65,0.75,0.7,21917000.0
2020-04-09 01:12:20.577012885,القيروان,الرياض,1764.86,4,0.65,0.75,0.7,8552000.0
2020-04-10 19:39:20.944459543,النرجس,الرياض,2927.13,2,0.65,0.75,0.7,16766000.0
2020-04-12 14:06:21.311906202,حطين,الرياض,2746.47,4,0.65,0.75,0.7,38122000.0
2020-04-14 08:33:21.679352860,الملقا,الرياض,1629.8,2,0.65,0.75,0.7,10918000.0
2020-04-16 03:00:22.046799520,الملقا,الرياض,1647.82,4,0.65,0.75,0.7,13387000.0
2020-04-17 21:27:22.414246178,الملقا,الرياض,2685.43,2,0.65,0.75,0.7,23027000.0
2020-04-19 15:54:22.781692836,الياسمين,الرياض,1193.03,3,0.65,0.75,0.7,9671000.0
2020-04-21 10:21:23.149139496,الملقا,الرياض,2598.07,4,0.65,0.75,0.7,17080000.0
2020-04-23 04:48:23.516586154,الياسمين,الرياض,1803.36,4,0.65,0.75,0.7,17766000.0
2020-04-24 23:15:23.884032812,القيروان,الرياض,1268.35,4,0.65,0.75,0.7,6400000.0
2020-04-26 17:42:24.251479472,الياسمين,الرياض,2668.91,2,0.65,0.75,0.7,21498000.0
2020-04-28 12:09:24.618926130,الملقا,الرياض,1792.61,3,0.65,0.75,0.7,15286000.0
2020-04-30 06:36:24.986372788,النرجس,الرياض,2487.31,2,0.65,0.75,0.7,14363000.0
2020-05-02 01:03:25.353819448,الياسمين,الرياض,491.54,3,0.65,0.75,0.7,4306000.0
2020-05-03 19:30:25.721266106,الملقا,الرياض,2703.01,4,0.65,0.75,0.7,16518000.0
2020-05-05 13:57:26.088712764,الياسمين,الرياض,2114.47,4,0.65,0.75,0.7,20376000.0
2020-05-07 08:24:26.456159424,الياسمين,الرياض,1765.14,2,0.65,0.75,0.7,13039000.0
2020-05-09 02:51:26.823606082,العارض,الرياض,404.85,4,0.65,0.75,0.7,1983000.0
2020-05-10 21:18:27.191052740,النرجس,الرياض,643.06,2,0.65,0.75,0.7,5113000.0
2020-05-12 15:45:27.558499400,الياسمين,الرياض,824.83,3,0.65,0.75,0.7,6162000.0
2020-05-14 10:12:27.925946058,الملقا,الرياض,2021.06,2,0.65,0.75,0.7,15525000.0
2020-05-16 04:39:28.293392716,العارض,الرياض,2308.92,3,0.65,0.75,0.7,6724000.0
2020-05-17 23:06:28.660839376,الملقا,الرياض,2899.15,4,0.65,0.75,0.7,24215000.0
2020-05-19 17:33:29.028286034,القيروان,الرياض,2771.08,4,0.65,0.75,0.7,14228000.0
2020-05-21 12:00:29.395732692,القيروان,الرياض,1782.91,2,0.65,0.75,0.7,9214000.0
2020-05-23 06:27:29.763179352,القيروان,الرياض,1951.65,4,0.65,0.75,0.7,10460000.0
2020-05-25 00:54:30.130626010,الياسمين,الرياض,1828.3,4,0.65,0.75,0.7,17150000.0
2020-05-26 19:21:30.498072668,حطين,الرياض,1580.27,3,0.65,0.75,0.7,16821000.0
2020-05-28 13:48:30.865519328,القيروان,الرياض,2478.67,2,0.65,0.75,0.7,10956000.0
2020-05-30 08:15:31.232965986,النرجس,الرياض,2862.69,3,0.65,0.75,0.7,18104000.0
2020-06-01 02:42:31.600412644,الملقا,الرياض,341.32,4,0.65,0.75,0.7,3175000.0
2020-06-02 21:09:31.967859304,القيروان,الرياض,739.92,4,0.65,0.75,0.7,5339000.0
2020-06-04 15:36:32.335305962,العارض,الرياض,2641.44,4,0.65,0.75,0.7,15575000.0
2020-06-06 10:03:32.702752620,الملقا,الرياض,646.95,2,0.65,0.75,0.7,5788000.0
2020-06-08 04:30:33.070199280,العارض,الرياض,2841.95,4,0.65,0.75,0.7,13900000.0
2020-06-09 22:57:33.437645938,العارض,الرياض,1039.7,4,0.65,0.75,0.7,5127000.0
2020-06-11 17:24:33.805092596,القيروان,الرياض,405.2,3,0.65,0.75,0.7,2192000.0
2020-06-13 11:51:34.172539256,العارض,الرياض,2581.16,3,0.65,0.75,0.7,10311000.0
2020-06-15 06:18:34.539985914,القيروان,الرياض,1003.88,4,0.65,0.75,0.7,5231000.0
2020-06-17 00:45:34.907432572,الملقا,الرياض,2669.17,2,0.65,0.75,0.7,25504000.0
2020-06-18 19:12:35.274879232,الياسمين,الرياض,1061.49,3,0.65,0.75,0.7,9116000.0
2020-06-20 13:39:35.642325890,الياسمين,الرياض,2275.45,3,0.65,0.75,0.7,17865000.0
2020-06-22 08:06:36.009772548,الملقا,الرياض,1867.47,4,0.65,0.75,0.7,19120000.0
2020-06-24 02:33:36.377219206,حطين,الرياض,2327.35,2,0.65,0.75,0.7,18790000.0
2020-06-25 21:00:36.744665866,الملقا,الرياض,1319.87,2,0.65,0.75,0.7,9326000.0
2020-06-27 15:27:37.112112524,حطين,الرياض,2717.91,2,0.65,0.75,0.7,19861000.0
2020-06-29 09:54:37.479559182,القيروان,الرياض,2888.06,4,0.65,0.75,0.7,14008000.0
2020-07-01 04:21:37.847005842,الملقا,الرياض,2866.64,4,0.65,0.75,0.7,25190000.0
2020-07-02 22:48:38.214452500,الياسمين,الرياض,524.87,2,0.65,0.75,0.7,3660000.0
2020-07-04 17:15:38.581899158,النرجس,الرياض,2331.41,4,0.65,0.75,0.7,17180000.0
2020-07-06 11:42:38.949345818,الياسمين,الرياض,606.35,2,0.65,0.75,0.7,4136000.0
2020-07-08 06:09:39.316792476,القيروان,الرياض,1492.13,4,0.65,0.75,0.7,7956000.0
2020-07-10 00:36:39.684239134,الملقا,الرياض,2205.75,4,0.65,0.75,0.7,17917000.0
2020-07-11 19:03:40.051685794,القيروان,الرياض,573.03,4,0.65,0.75,0.7,3547000.0
2020-07-13 13:30:40.419132452,حطين,الرياض,900.96,2,0.65,0.75,0.7,7874000.0
2020-07-15 07:57:40.786579110,الياسمين,الرياض,529.06,4,0.65,0.75,0.7,4551000.0
2020-07-17 02:24:41.154025770,الملقا,الرياض,2630.47,3,0.65,0.75,0.7,22613000.0
2020-07-18 20:51:41.521472428,النرجس,الرياض,525.45,2,0.65,0.75,0.7,3560000.0
2020-07-20 15:18:41.888919086,القيروان,الرياض,2203.73,3,0.65,0.75,0.7,13164000.0
2020-07-22 09:45:42.256365746,العارض,الرياض,330.65,3,0.65,0.75,0.7,1098000.0
2020-07-24 04:12:42.623812404,القيروان,الرياض,620.81,2,0.65,0.75,0.7,3556000.0
2020-07-25 22:39:42.991259062,القيروان,الرياض,941.27,2,0.65,0.75,0.7,4659000.0
2020-07-27 17:06:43.358705720,الياسمين,الرياض,1071.42,2,0.65,0.75,0.7,6511000.0
2020-07-29 11:33:43.726152380,الملقا,الرياض,2981.0,2,0.65,0.75,0.7,21953000.0
2020-07-31 06:00:44.093599040,القيروان,الرياض,2177.61,2,0.65,0.75,0.7,11778000.0
2020-08-02 00:27:44.461045696,الياسمين,الرياض,1527.26,2,0.65,0.75,0.7,12251000.0
2020-08-03 18:54:44.828492356,الملقا,الرياض,1337.34,4,0.65,0.75,0.7,9661000.0
2020-08-05 13:21:45.195939016,العارض,الرياض,1974.36,3,0.65,0.75,0.7,8513000.0
2020-08-07 07:48:45.563385672,حطين,الرياض,1551.99,3,0.65,0.75,0.7,11382000.0
2020-08-09 02:15:45.930832332,الملقا,الرياض,1001.86,4,0.65,0.75,0.7,8362000.0
2020-08-10 20:42:46.298278992,العارض,الرياض,1747.46,2,0.65,0.75,0.7,5835000.0
2020-08-12 15:09:46.665725648,حطين,الرياض,659.6,4,0.65,0.75,0.7,7754000.0
2020-08-14 09:36:47.033172308,القيروان,الرياض,2864.46,2,0.65,0.75,0.7,14995000.0
2020-08-16 04:03:47.400618968,النرجس,الرياض,2638.37,2,0.65,0.75,0.7,14135000.0
2020-08-17 22:30:47.768065624,العارض,الرياض,1410.39,3,0.65,0.75,0.7,5897000.0
2020-08-19 16:57:48.135512284,النرجس,الرياض,2918.77,4,0.65,0.75,0.7,25623000.0
2020-08-21 11:24:48.502958944,النرجس,الرياض,471.48,2,0.65,0.75,0.7,2824000.0
2020-08-23 05:51:48.870405600,الملقا,الرياض,2634.75,2,0.65,0.75,0.7,19762000.0
2020-08-25 00:18:49.237852260,النرجس,الرياض,2324.76,4,0.65,0.75,0.7,17075000.0
2020-08-26 18:45:49.605298920,الياسمين,الرياض,1516.47,3,0.65,0.75,0.7,10828000.0
2020-08-28 13:12:49.972745576,العارض,الرياض,1041.78,3,0.65,0.75,0.7,3511000.0
2020-08-30 07:39:50.340192236,القيروان,الرياض,2544.7,3,0.65,0.75,0.7,14545000.0
2020-09-01 02:06:50.707638896,العارض,الرياض,1790.15,2,0.65,0.75,0.7,6354000.0
2020-09-02 20:33:51.075085552,النرجس,الرياض,1596.12,4,0.65,0.75,0.7,15011000.0
2020-09-04 15:00:51.442532212,حطين,الرياض,1974.84,3,0.65,0.75,0.7,20266000.0
2020-09-06 09:27:51.809978872,حطين,الرياض,2947.25,3,0.65,0.75,0.7,29479000.0
2020-09-08 03:54:52.177425528,الياسمين,الرياض,1359.06,4,0.65,0.75,0.7,9589000.0
2020-09-09 22:21:52.544872188,الملقا,الرياض,1517.46,4,0.65,0.75,0.7,15219000.0
2020-09-11 16:48:52.912318848,القيروان,الرياض,1979.63,4,0.65,0.75,0.7,11763000.0
2020-09-13 11:15:53.279765504,العارض,الرياض,2573.65,2,0.65,0.75,0.7,10832000.0
2020-09-15 05:42:53.647212164,النرجس,الرياض,1539.67,3,0.65,0.75,0.7,9854000.0
2020-09-17 00:09:54.014658824,الملقا,الرياض,1865.05,4,0.65,0.75,0.7,12994000.0
2020-09-18 18:36:54.382105480,الملقا,الرياض,647.98,4,0.65,0.75,0.7,6945000.0
2020-09-20 13:03:54.749552140,النرجس,الرياض,786.18,2,0.65,0.75,0.7,5247000.0
2020-09-22 07:30:55.116998800,العارض,الرياض,1579.7,2,0.65,0.75,0.7,6618000.0
2020-09-24 01:57:55.484445456,حطين,الرياض,2518.83,3,0.65,0.75,0.7,21553000.0
2020-09-25 20:24:55.851892116,حطين,الرياض,777.93,2,0.65,0.75,0.7,5061000.0
2020-09-27 14:51:56.219338776,العارض,الرياض,2714.39,2,0.65,0.75,0.7,11659000.0
2020-09-29 09:18:56.586785432,حطين,الرياض,2164.07,2,0.65,0.75,0.7,17606000.0
2020-10-01 03:45:56.954232092,حطين,الرياض,1681.47,4,0.65,0.75,0.7,18777000.0
2020-10-02 22:12:57.321678752,النرجس,الرياض,464.91,3,0.65,0.75,0.7,3746000.0
2020-10-04 16:39:57.689125408,القيروان,الرياض,2962.89,4,0.65,0.75,0.7,14554000.0
2020-10-06 11:06:58.056572068,الياسمين,الرياض,1608.21,3,0.65,0.75,0.7,15611000.0
2020-10-08 05:33:58.424018728,النرجس,الرياض,468.32,4,0.65,0.75,0.7,3255000.0
2020-10-10 00:00:58.791465384,الملقا,الرياض,2226.04,4,0.65,0.75,0.7,21802000.0
2020-10-11 18:27:59.158912044,الملقا,الرياض,1372.34,2,0.65,0.75,0.7,12188000.0
2020-10-13 12:54:59.526358704,النرجس,الرياض,792.17,4,0.65,0.75,0.7,5178000.0
2020-10-15 07:21:59.893805360,النرجس,الرياض,623.36,2,0.65,0.75,0.7,3267000.0
2020-10-17 01:49:00.261252020,القيروان,الرياض,1579.72,3,0.65,0.75,0.7,8280000.0
2020-10-18 20:16:00.628698680,الياسمين,الرياض,1750.19,3,0.65,0.75,0.7,13360000.0
2020-10-20 14:43:00.996145336,حطين,الرياض,1883.65,4,0.65,0.75,0.7,18718000.0
2020-10-22 09:10:01.363591996,الياسمين,الرياض,1940.4,4,0.65,0.75,0.7,14458000.0
2020-10-24 03:37:01.731038656,القيروان,الرياض,2963.59,2,0.65,0.75,0.7,15940000.0
2020-10-25 22:04:02.098485312,الياسمين,الرياض,2597.21,3,0.65,0.75,0.7,13682000.0
2020-10-27 16:31:02.465931972,العارض,الرياض,768.11,4,0.65,0.75,0.7,4350000.0
2020-10-29 10:58:02.833378632,الياسمين,الرياض,2776.97,4,0.65,0.75,0.7,27791000.0
2020-10-31 05:25:03.200825288,العارض,الرياض,996.34,3,0.65,0.75,0.7,4821000.0
2020-11-01 23:52:03.568271948,النرجس,الرياض,1843.35,4,0.65,0.75,0.7,16931000.0
2020-11-03 18:19:03.935718608,العارض,الرياض,853.71,3,0.65,0.75,0.7,3661000.0
2020-11-05 12:46:04.303165264,الملقا,الرياض,954.51,4,0.65,0.75,0.7,6699000.0
2020-11-07 07:13:04.670611924,القيروان,الرياض,2373.0,3,0.65,0.75,0.7,12530000.0
2020-11-09 01:40:05.038058584,الياسمين,الرياض,1737.99,2,0.65,0.75,0.7,9822000.0
2020-11-10 20:07:05.405505240,العارض,الرياض,1526.52,2,0.65,0.75,0.7,4831000.0
2020-11-12 14:34:05.772951900,النرجس,الرياض,2140.06,2,0.65,0.75,0.7,12225000.0
2020-11-14 09:01:06.140398560,النرجس,الرياض,1577.55,3,0.65,0.75,0.7,11102000.0
2020-11-16 03:28:06.507845216,حطين,الرياض,2542.67,3,0.65,0.75,0.7,18918000.0
2020-11-17 21:55:06.875291876,الملقا,الرياض,2273.34,2,0.65,0.75,0.7,15915000.0
2020-11-19 16:22:07.242738536,العارض,الرياض,2248.31,2,0.65,0.75,0.7,7703000.0
2020-11-21 10:49:07.610185192,العارض,الرياض,2447.22,3,0.65,0.75,0.7,11755000.0
2020-11-23 05:16:07.977631852,الملقا,الرياض,936.37,3,0.65,0.75,0.7,8089000.0
2020-11-24 23:43:08.345078512,حطين,الرياض,1268.84,2,0.65,0.75,0.7,10139000.0
2020-11-26 18:10:08.712525168,العارض,الرياض,2227.21,4,0.65,0.75,0.7,13628000.0
2020-11-28 12:37:09.079971828,الياسمين,الرياض,1757.41,4,0.65,0.75,0.7,14793000.0
2020-11-30 07:04:09.447418488,النرجس,الرياض,1336.51,3,0.65,0.75,0.7,7453000.0
2020-12-02 01:31:09.814865144,النرجس,الرياض,918.37,4,0.65,0.75,0.7,5948000.0
2020-12-03 19:58:10.182311804,الياسمين,الرياض,1204.25,4,0.65,0.75,0.7,11932000.0
2020-12-05 14:25:10.549758464,الملقا,الرياض,1637.64,3,0.65,0.75,0.7,14758000.0
2020-12-07 08:52:10.917205120,العارض,الرياض,1141.65,2,0.65,0.75,0.7,5386000.0
2020-12-09 03:19:11.284651780,القيروان,الرياض,686.45,3,0.65,0.75,0.7,4466000.0
2020-12-10 21:46:11.652098436,النرجس,الرياض,577.87,2,0.65,0.75,0.7,3047000.0
2020-12-12 16:13:12.019545096,الملقا,الرياض,2585.42,4,0.65,0.75,0.7,24724000.0
2020-12-14 10:40:12.386991756,العارض,الرياض,2250.08,3,0.65,0.75,0.7,7679000.0
2020-12-16 05:07:12.754438412,العارض,الرياض,1915.8,3,0.65,0.75,0.7,6925000.0
2020-12-17 23:34:13.121885072,الياسمين,الرياض,2752.82,3,0.65,0.75,0.7,17366000.0
2020-12-19 18:01:13.489331732,حطين,الرياض,1443.71,3,0.65,0.75,0.7,15638000.0
2020-12-21 12:28:13.856778388,الياسمين,الرياض,1665.9,2,0.65,0.75,0.7,9052000.0
2020-12-23 06:55:14.224225048,الملقا,الرياض,2260.46,4,0.65,0.75,0.7,27888000.0
2020-12-25 01:22:14.591671708,القيروان,الرياض,2790.75,4,0.65,0.75,0.7,14291000.0
2020-12-26 19:49:14.959118364,القيروان,الرياض,1855.98,3,0.65,0.75,0.7,7647000.0
2020-12-28 14:16:15.326565024,النرجس,الرياض,746.91,3,0.65,0.75,0.7,5572000.0
2020-12-30 08:43:15.694011684,حطين,الرياض,1196.8,3,0.65,0.75,0.7,8953000.0
2021-01-01 03:10:16.061458340,الياسمين,الرياض,447.86,2,0.65,0.75,0.7,3091000.0
2021-01-02 21:37:16.428905,القيروان,الرياض,2427.03,3,0.65,0.75,0.7,12656000.0
2021-01-04 16:04:16.796351660,القيروان,الرياض,2783.61,3,0.65,0.75,0.7,10853000.0
2021-01-06 10:31:17.163798316,النرجس,الرياض,1598.26,4,0.65,0.75,0.7,11489000.0
2021-01-08 04:58:17.531244976,حطين,الرياض,680.31,2,0.65,0.75,0.7,4694000.0
2021-01-09 23:25:17.898691636,الياسمين,الرياض,1431.1,2,0.65,0.75,0.7,10872000.0
2021-01-11 17:52:18.266138292,القيروان,الرياض,335.36,2,0.65,0.75,0.7,1757000.0
2021-01-13 12:19:18.633584952,القيروان,الرياض,2933.96,2,0.65,0.75,0.7,10858000.0
2021-01-15 06:46:19.001031612,حطين,الرياض,2991.56,2,0.65,0.75,0.7,21990000.0
2021-01-17 01:13:19.368478268,النرجس,الرياض,1136.83,3,0.65,0.75,0.7,8796000.0
2021-01-18 19:40:19.735924928,العارض,الرياض,853.88,2,0.65,0.75,0.7,3605000.0
2021-01-20 14:07:20.103371588,الملقا,الرياض,1319.86,4,0.65,0.75,0.7,9488000.0
2021-01-22 08:34:20.470818244,العارض,الرياض,1715.85,2,0.65,0.75,0.7,7734000.0
2021-01-24 03:01:20.838264904,العارض,الرياض,1811.03,4,0.65,0.75,0.7,7035000.0
2021-01-25 21:28:21.205711564,الياسمين,الرياض,2333.76,3,0.65,0.75,0.7,15470000.0
2021-01-27 15:55:21.573158220,القيروان,الرياض,2038.8,2,0.65,0.75,0.7,8105000.0
2021-01-29 10:22:21.940604880,القيروان,الرياض,2079.09,2,0.65,0.75,0.7,9164000.0
2021-01-31 04:49:22.308051540,العارض,الرياض,985.5,4,0.65,0.75,0.7,4886000.0
2021-02-01 23:16:22.675498196,العارض,الرياض,2062.41,4,0.65,0.75,0.7,11527000.0
2021-02-03 17:43:23.042944856,القيروان,الرياض,2474.35,3,0.65,0.75,0.7,11018000.0
2021-02-05 12:10:23.410391516,حطين,الرياض,534.7,3,0.65,0.75,0.7,3628000.0
2021-02-07 06:37:23.777838172,القيروان,الرياض,861.29,4,0.65,0.75,0.7,4243000.0
2021-02-09 01:04:24.145284832,حطين,الرياض,2200.65,2,0.65,0.75,0.7,21904000.0
2021-02-10 19:31:24.512731492,الياسمين,الرياض,1222.91,3,0.65,0.75,0.7,9974000.0
2021-02-12 13:58:24.880178148,حطين,الرياض,2542.77,2,0.65,0.75,0.7,19719000.0
2021-02-14 08:25:25.247624808,الملقا,الرياض,1790.53,3,0.65,0.75,0.7,16175000.0
2021-02-16 02:52:25.615071468,النرجس,الرياض,1827.6,4,0.65,0.75,0.7,16331000.0
2021-02-17 21:19:25.982518124,النرجس,الرياض,2459.61,2,0.65,0.75,0.7,17936000.0
2021-02-19 15:46:26.349964784,الياسمين,الرياض,2186.88,2,0.65,0.75,0.7,13519000.0
2021-02-21 10:13:26.717411440,القيروان,الرياض,676.26,4,0.65,0.75,0.7,4085000.0
2021-02-23 04:40:27.084858104,العارض,الرياض,2520.98,2,0.65,0.75,0.7,12915000.0
2021-02-24 23:07:27.452304760,الملقا,الرياض,1644.85,3,0.65,0.75,0.7,15169000.0
2021-02-26 17:34:27.819751416,حطين,الرياض,857.34,3,0.65,0.75,0.7,6869000.0
2021-02-28 12:01:28.187198080,حطين,الرياض,1011.95,4,0.65,0.75,0.7,13180000.0
2021-03-02 06:28:28.554644736,حطين,الرياض,2095.6,4,0.65,0.75,0.7,24334000.0
2021-03-04 00:55:28.922091392,الملقا,الرياض,2562.89,2,0.65,0.75,0.7,17041000.0
2021-03-05 19:22:29.289538056,القيروان,الرياض,748.97,4,0.65,0.75,0.7,3685000.0
2021-03-07 13:49:29.656984712,القيروان,الرياض,543.91,4,0.65,0.75,0.7,2325000.0
2021-03-09 08:16:30.024431368,الملقا,الرياض,1260.32,2,0.65,0.75,0.7,9393000.0
2021-03-11 02:43:30.391878032,القيروان,الرياض,1948.09,3,0.65,0.75,0.7,10423000.0
2021-03-12 21:10:30.759324688,القيروان,الرياض,2277.94,2,0.65,0.75,0.7,9859000.0
2021-03-14 15:37:31.126771344,النرجس,الرياض,1757.58,4,0.65,0.75,0.7,13720000.0
2021-03-16 10:04:31.494218008,الملقا,الرياض,1911.48,3,0.65,0.75,0.7,15334000.0
2021-03-18 04:31:31.861664664,الياسمين,الرياض,1580.44,2,0.65,0.75,0.7,8870000.0
2021-03-19 22:58:32.229111320,النرجس,الرياض,2158.69,3,0.65,0.75,0.7,17242000.0
2021-03-21 17:25:32.596557984,الملقا,الرياض,505.02,3,0.65,0.75,0.7,4125000.0
2021-03-23 11:52:32.964004640,القيروان,الرياض,1893.62,4,0.65,0.75,0.7,10761000.0
2021-03-25 06:19:33.331451296,حطين,الرياض,2480.06,2,0.65,0.75,0.7,17095000.0
2021-03-27 00:46:33.698897960,القيروان,الرياض,799.86,3,0.65,0.75,0.7,5175000.0
2021-03-28 19:13:34.066344616,النرجس,الرياض,2347.66,4,0.65,0.75,0.7,22380000.0
2021-03-30 13:40:34.433791272,حطين,الرياض,2592.83,2,0.65,0.75,0.7,27065000.0
2021-04-01 08:07:34.801237936,الملقا,الرياض,2046.0,4,0.65,0.75,0.7,22768000.0
2021-04-03 02:34:35.168684592,حطين,الرياض,787.55,2,0.65,0.75,0.7,6462000.0
2021-04-04 21:01:35.536131248,الملقا,الرياض,1144.71,4,0.65,0.75,0.7,11520000.0
2021-04-06 15:28:35.903577912,الياسمين,الرياض,2921.86,4,0.65,0.75,0.7,26033000.0
2021-04-08 09:55:36.271024568,الملقا,الرياض,2311.67,4,0.65,0.75,0.7,24709000.0
2021-04-10 04:22:36.638471224,الملقا,الرياض,2055.45,4,0.65,0.75,0.7,19436000.0
2021-04-11 22:49:37.005917888,حطين,الرياض,1598.87,4,0.65,0.75,0.7,18924000.0
2021-04-13 17:16:37.373364544,الياسمين,الرياض,476.46,4,0.65,0.75,0.7,3962000.0
2021-04-15 11:43:37.740811200,العارض,الرياض,1753.68,3,0.65,0.75,0.7,7933000.0
2021-04-17 06:10:38.108257864,النرجس,الرياض,1962.83,3,0.65,0.75,0.7,13461000.0
2021-04-19 00:37:38.475704520,حطين,الرياض,1547.25,3,0.65,0.75,0.7,11272000.0
2021-04-20 19:04:38.843151176,الملقا,الرياض,2835.48,4,0.65,0.75,0.7,23195000.0
2021-04-22 13:31:39.210597840,حطين,الرياض,325.61,2,0.65,0.75,0.7,2779000.0
2021-04-24 07:58:39.578044496,الملقا,الرياض,1994.26,4,0.65,0.75,0.7,12837000.0
2021-04-26 02:25:39.945491152,القيروان,الرياض,547.59,4,0.65,0.75,0.7,2719000.0
2021-04-27 20:52:40.312937816,القيروان,الرياض,598.28,3,0.65,0.75,0.7,3054000.0
2021-04-29 15:19:40.680384472,الملقا,الرياض,2602.62,3,0.65,0.75,0.7,18964000.0
2021-05-01 09:46:41.047831128,النرجس,الرياض,1337.68,4,0.65,0.75,0.7,12154000.0
2021-05-03 04:13:41.415277792,العارض,الرياض,2423.13,4,0.65,0.75,0.7,13305000.0
2021-05-04 22:40:41.782724448,النرجس,الرياض,2970.8,4,0.65,0.75,0.7,27299000.0
2021-05-06 17:07:42.150171104,القيروان,الرياض,925.51,2,0.65,0.75,0.7,4723000.0
2021-05-08 11:34:42.517617768,الملقا,الرياض,922.81,3,0.65,0.75,0.7,8970000.0
2021-05-10 06:01:42.885064424,القيروان,الرياض,399.18,3,0.65,0.75,0.7,2171000.0
2021-05-12 00:28:43.252511080,الياسمين,الرياض,2916.58,2,0.65,0.75,0.7,19598000.0
2021-05-13 18:55:43.619957744,النرجس,الرياض,1912.64,2,0.65,0.75,0.7,11909000.0
2021-05-15 13:22:43.987404400,الياسمين,الرياض,2179.26,4,0.65,0.75,0.7,18844000.0
2021-05-17 07:49:44.354851056,النرجس,الرياض,905.99,2,0.65,0.75,0.7,6657000.0
2021-05-19 02:16:44.722297720,حطين,الرياض,547.01,2,0.65,0.75,0.7,5014000.0
2021-05-20 20:43:45.089744376,العارض,الرياض,1036.99,2,0.65,0.75,0.7,5155000.0
2021-05-22 15:10:45.457191032,العارض,الرياض,1787.31,4,0.65,0.75,0.7,8851000.0
2021-05-24 09:37:45.824637696,القيروان,الرياض,982.15,3,0.65,0.75,0.7,4555000.0
2021-05-26 04:04:46.192084352,العارض,الرياض,518.82,2,0.65,0.75,0.7,2891000.0
2021-05-27 22:31:46.559531008,الملقا,الرياض,2976.98,3,0.65,0.75,0.7,30461000.0
2021-05-29 16:58:46.926977672,حطين,الرياض,2526.64,3,0.65,0.75,0.7,21757000.0
2021-05-31 11:25:47.294424328,العارض,الرياض,2634.13,2,0.65,0.75,0.7,13106000.0
2021-06-02 05:52:47.661870984,الملقا,الرياض,2596.57,4,0.65,0.75,0.7,22254000.0
2021-06-04 00:19:48.029317648,العارض,الرياض,1201.82,2,0.65,0.75,0.7,5824000.0
2021-06-05 18:46:48.396764304,النرجس,الرياض,2332.33,4,0.65,0.75,0.7,23326000.0
2021-06-07 13:13:48.764210960,حطين,الرياض,2895.55,2,0.65,0.75,0.7,18777000.0
2021-06-09 07:40:49.131657624,النرجس,الرياض,1204.82,3,0.65,0.75,0.7,9810000.0
2021-06-11 02:07:49.499104280,الملقا,الرياض,303.02,3,0.65,0.75,0.7,2746000.0
2021-06-12 20:34:49.866550936,الياسمين,الرياض,1075.0,3,0.65,0.75,0.7,7469000.0
2021-06-14 15:01:50.233997600,الياسمين,الرياض,1811.58,4,0.65,0.75,0.7,13474000.0
2021-06-16 09:28:50.601444256,الملقا,الرياض,349.75,2,0.65,0.75,0.7,2877000.0
2021-06-18 03:55:50.968890912,حطين,الرياض,1223.05,4,0.65,0.75,0.7,13361000.0
2021-06-19 22:22:51.336337576,الملقا,الرياض,1112.6,2,0.65,0.75,0.7,9353000.0
2021-06-21 16:49:51.703784232,النرجس,الرياض,2213.14,3,0.65,0.75,0.7,13635000.0
2021-06-23 11:16:52.071230888,القيروان,الرياض,2653.15,4,0.65,0.75,0.7,17921000.0
2021-06-25 05:43:52.438677552,العارض,الرياض,2324.06,4,0.65,0.75,0.7,11065000.0
2021-06-27 00:10:52.806124208,النرجس,الرياض,2518.08,4,0.65,0.75,0.7,18542000.0
2021-06-28 18:37:53.173570864,القيروان,الرياض,2380.1,3,0.65,0.75,0.7,9696000.0
2021-06-30 13:04:53.541017528,الياسمين,الرياض,2849.62,4,0.65,0.75,0.7,19964000.0
2021-07-02 07:31:53.908464184,القيروان,الرياض,741.78,4,0.65,0.75,0.7,5102000.0
2021-07-04 01:58:54.275910840,الياسمين,الرياض,2386.62,3,0.65,0.75,0.7,14435000.0
2021-07-05 20:25:54.643357504,حطين,الرياض,2643.75,3,0.65,0.75,0.7,21652000.0
2021-07-07 14:52:55.010804160,القيروان,الرياض,1433.26,4,0.65,0.75,0.7,9450000.0
2021-07-09 09:19:55.378250816,الياسمين,الرياض,2352.25,2,0.65,0.75,0.7,20760000.0
2021-07-11 03:46:55.745697480,حطين,الرياض,920.88,2,0.65,0.75,0.7,6449000.0
2021-07-12 22:13:56.113144136,العارض,الرياض,2643.93,3,0.65,0.75,0.7,14283000.0
2021-07-14 16:40:56.480590792,حطين,الرياض,800.92,2,0.65,0.75,0.7,5428000.0
2021-07-16 11:07:56.848037456,الملقا,الرياض,714.88,4,0.65,0.75,0.7,7729000.0
2021-07-18 05:34:57.215484112,الياسمين,الرياض,654.36,2,0.65,0.75,0.7,5859000.0
2021-07-20 00:01:57.582930768,الياسمين,الرياض,2912.28,3,0.65,0.75,0.7,18353000.0
2021-07-21 18:28:57.950377432,حطين,الرياض,1807.71,2,0.65,0.75,0.7,13465000.0
2021-07-23 12:55:58.317824088,الملقا,الرياض,2059.1,2,0.65,0.75,0.7,13022000.0
2021-07-25 07:22:58.685270744,القيروان,الرياض,1529.09,2,0.65,0.75,0.7,6523000.0
2021-07-27 01:49:59.052717408,القيروان,الرياض,1359.73,3,0.65,0.75,0.7,9080000.0
2021-07-28 20:16:59.420164064,القيروان,الرياض,2344.06,3,0.65,0.75,0.7,15825000.0
2021-07-30 14:43:59.787610720,الياسمين,الرياض,2255.57,4,0.65,0.75,0.7,15457000.0
2021-08-01 09:11:00.155057384,النرجس,الرياض,1969.02,2,0.65,0.75,0.7,11176000.0
2021-08-03 03:38:00.522504040,القيروان,الرياض,326.38,2,0.65,0.75,0.7,1500000.0
2021-08-04 22:05:00.889950696,العارض,الرياض,389.65,3,0.65,0.75,0.7,1562000.0
2021-08-06 16:32:01.257397360,النرجس,الرياض,658.33,4,0.65,0.75,0.7,4761000.0
2021-08-08 10:59:01.624844016,الياسمين,الرياض,411.2,2,0.65,0.75,0.7,3476000.0
2021-08-10 05:26:01.992290672,الملقا,الرياض,635.39,4,0.65,0.75,0.7,5445000.0
2021-08-11 23:53:02.359737336,حطين,الرياض,2651.62,3,0.65,0.75,0.7,25777000.0
2021-08-13 18:20:02.727183992,حطين,الرياض,2415.24,4,0.65,0.75,0.7,30007000.0
2021-08-15 12:47:03.094630648,القيروان,الرياض,1521.26,4,0.65,0.75,0.7,7112000.0
2021-08-17 07:14:03.462077312,حطين,الرياض,742.8,3,0.65,0.75,0.7,4958000.0
2021-08-19 01:41:03.829523968,النرجس,الرياض,2432.19,4,0.65,0.75,0.7,14168000.0
2021-08-20 20:08:04.196970624,النرجس,الرياض,736.52,3,0.65,0.75,0.7,5546000.0
2021-08-22 14:35:04.564417288,حطين,الرياض,838.76,4,0.65,0.75,0.7,7351000.0
2021-08-24 09:02:04.931863944,العارض,الرياض,1429.68,4,0.65,0.75,0.7,7011000.0
2021-08-26 03:29:05.299310600,الياسمين,الرياض,2263.36,2,0.65,0.75,0.7,17290000.0
2021-08-27 21:56:05.666757264,الملقا,الرياض,1997.67,3,0.65,0.75,0.7,16486000.0
2021-08-29 16:23:06.034203920,الملقا,الرياض,2258.2,3,0.65,0.75,0.7,23048000.0
2021-08-31 10:50:06.401650576,الملقا,الرياض,2440.98,4,0.65,0.75,0.7,21436000.0
2021-09-02 05:17:06.769097240,القيروان,الرياض,868.79,2,0.65,0.75,0.7,4082000.0
2021-09-03 23:44:07.136543896,الملقا,الرياض,2557.19,2,0.65,0.75,0.7,17023000.0
2021-09-05 18:11:07.503990552,حطين,الرياض,785.14,3,0.65,0.75,0.7,8558000.0
2021-09-07 12:38:07.871437216,العارض,الرياض,788.64,2,0.65,0.75,0.7,2425000.0
2021-09-09 07:05:08.238883872,النرجس,الرياض,1393.56,3,0.65,0.75,0.7,9533000.0
2021-09-11 01:32:08.606330528,العارض,الرياض,1269.93,3,0.65,0.75,0.7,4144000.0
2021-09-12 19:59:08.973777192,الملقا,الرياض,1377.42,4,0.65,0.75,0.7,14471000.0
2021-09-14 14:26:09.341223848,القيروان,الرياض,1178.01,2,0.65,0.75,0.7,5147000.0
2021-09-16 08:53:09.708670504,العارض,الرياض,1493.47,3,0.65,0.75,0.7,6369000.0
2021-09-18 03:20:10.076117168,النرجس,الرياض,2107.35,2,0.65,0.75,0.7,13682000.0
2021-09-19 21:47:10.443563824,الملقا,الرياض,2208.3,3,0.65,0.75,0.7,13489000.0
2021-09-21 16:14:10.811010480,العارض,الرياض,399.01,2,0.65,0.75,0.7,1764000.0
2021-09-23 10:41:11.178457144,العارض,الرياض,2204.54,4,0.65,0.75,0.7,12604000.0
2021-09-25 05:08:11.545903800,الملقا,الرياض,855.77,2,0.65,0.75,0.7,4540000.0
2021-09-26 23:35:11.913350456,الملقا,الرياض,786.03,4,0.65,0.75,0.7,6911000.0
2021-09-28 18:02:12.280797120,العارض,الرياض,1669.53,3,0.65,0.75,0.7,7669000.0
2021-09-30 12:29:12.648243776,النرجس,الرياض,2152.11,3,0.65,0.75,0.7,13223000.0
2021-10-02 06:56:13.015690432,الملقا,الرياض,2025.62,2,0.65,0.75,0.7,15784000.0
2021-10-04 01:23:13.383137096,الياسمين,الرياض,1225.16,3,0.65,0.75,0.7,6516000.0
2021-10-05 19:50:13.750583752,العارض,الرياض,380.93,2,0.65,0.75,0.7,1341000.0
2021-10-07 14:17:14.118030408,القيروان,الرياض,738.43,2,0.65,0.75,0.7,2929000.0
2021-10-09 08:44:14.485477072,النرجس,الرياض,2116.03,3,0.65,0.75,0.7,17660000.0
2021-10-11 03:11:14.852923728,العارض,الرياض,2562.91,3,0.65,0.75,0.7,9922000.0
2021-10-12 21:38:15.220370384,حطين,الرياض,347.29,3,0.65,0.75,0.7,3316000.0
2021-10-14 16:05:15.587817048,الياسمين,الرياض,382.05,2,0.65,0.75,0.7,3082000.0
2021-10-16 10:32:15.955263704,الياسمين,الرياض,2126.59,4,0.65,0.75,0.7,21399000.0
2021-10-18 04:59:16.322710360,حطين,الرياض,1858.4,3,0.65,0.75,0.7,19407000.0
2021-10-19 23:26:16.690157024,العارض,الرياض,2998.42,3,0.65,0.75,0.7,12060000.0
2021-10-21 17:53:17.057603680,حطين,الرياض,1079.45,4,0.65,0.75,0.7,12368000.0
2021-10-23 12:20:17.425050336,القيروان,الرياض,1391.18,3,0.65,0.75,0.7,9137000.0
2021-10-25 06:47:17.792497,النرجس,الرياض,2670.31,4,0.65,0.75,0.7,19302000.0
2021-10-27 01:14:18.159943656,الملقا,الرياض,2508.15,3,0.65,0.75,0.7,18222000.0
2021-10-28 19:41:18.527390312,النرجس,الرياض,2177.76,2,0.65,0.75,0.7,11176000.0
2021-10-30 14:08:18.894836976,حطين,الرياض,941.37,2,0.65,0.75,0.7,7510000.0
2021-11-01 08:35:19.262283632,القيروان,الرياض,754.8,3,0.65,0.75,0.7,3977000.0
2021-11-03 03:02:19.629730288,حطين,الرياض,1551.43,4,0.65,0.75,0.7,12874000.0
2021-11-04 21:29:19.997176952,حطين,الرياض,1587.08,4,0.65,0.75,0.7,17406000.0
2021-11-06 15:56:20.364623608,النرجس,الرياض,2495.06,3,0.65,0.75,0.7,21157000.0
2021-11-08 10:23:20.732070264,النرجس,الرياض,1463.33,4,0.65,0.75,0.7,9201000.0
2021-11-10 04:50:21.099516928,القيروان,الرياض,2877.58,4,0.65,0.75,0.7,15236000.0
2021-11-11 23:17:21.466963584,القيروان,الرياض,825.31,3,0.65,0.75,0.7,3629000.0
2021-11-13 17:44:21.834410240,حطين,الرياض,993.3,3,0.65,0.75,0.7,8341000.0
2021-11-15 12:11:22.201856896,حطين,الرياض,1140.53,3,0.65,0.75,0.7,12616000.0
2021-11-17 06:38:22.569303560,الملقا,الرياض,1036.08,3,0.65,0.75,0.7,7593000.0
2021-11-19 01:05:22.936750216,القيروان,الرياض,789.88,2,0.65,0.75,0.7,2917000.0
2021-11-20 19:32:23.304196872,النرجس,الرياض,1097.25,2,0.65,0.75,0.7,8052000.0
2021-11-22 13:59:23.671643536,الياسمين,الرياض,1785.61,2,0.65,0.75,0.7,12665000.0
2021-11-24 08:26:24.039090192,حطين,الرياض,2868.79,4,0.65,0.75,0.7,37029000.0
2021-11-26 02:53:24.406536848,حطين,الرياض,2443.11,4,0.65,0.75,0.7,25905000.0
2021-11-27 21:20:24.773983512,القيروان,الرياض,1409.78,2,0.65,0.75,0.7,7912000.0
2021-11-29 15:47:25.141430168,الملقا,الرياض,990.24,3,0.65,0.75,0.7,10193000.0
2021-12-01 10:14:25.508876824,القيروان,الرياض,2598.17,4,0.65,0.75,0.7,15942000.0
2021-12-03 04:41:25.876323488,الملقا,الرياض,1519.77,3,0.65,0.75,0.7,9874000.0
2021-12-04 23:08:26.243770144,القيروان,الرياض,935.14,3,0.65,0.75,0.7,4137000.0
2021-12-06 17:35:26.611216800,حطين,الرياض,1143.13,4,0.65,0.75,0.7,11791000.0
2021-12-08 12:02:26.978663464,الملقا,الرياض,1776.08,3,0.65,0.75,0.7,12404000.0
2021-12-10 06:29:27.346110120,الملقا,الرياض,682.79,4,0.65,0.75,0.7,6436000.0
2021-12-12 00:56:27.713556776,النرجس,الرياض,2124.77,3,0.65,0.75,0.7,15623000.0
2021-12-13 19:23:28.081003440,حطين,الرياض,2976.39,3,0.65,0.75,0.7,24861000.0
2021-12-15 13:50:28.448450096,الملقا,الرياض,2255.71,3,0.65,0.75,0.7,19849000.0
2021-12-17 08:17:28.815896752,الياسمين,الرياض,2042.28,4,0.65,0.75,0.7,17357000.0
2021-12-19 02:44:29.183343416,حطين,الرياض,1290.78,3,0.65,0.75,0.7,10904000.0
2021-12-20 21:11:29.550790072,الملقا,الرياض,482.55,2,0.65,0.75,0.7,2744000.0
2021-12-22 15:38:29.918236728,الياسمين,الرياض,2028.45,3,0.65,0.75,0.7,13982000.0
2021-12-24 10:05:30.285683392,حطين,الرياض,1533.52,3,0.65,0.75,0.7,15708000.0
2021-12-26 04:32:30.653130048,الياسمين,الرياض,2984.18,3,0.65,0.75,0.7,21026000.0
2021-12-27 22:59:31.020576704,الياسمين,الرياض,1200.64,3,0.65,0.75,0.7,9288000.0
2021-12-29 17:26:31.388023368,حطين,الرياض,2885.59,2,0.65,0.75,0.7,23041000.0
2021-12-31 11:53:31.755470024,الملقا,الرياض,1405.59,3,0.65,0.75,0.7,11864000.0
2022-01-02 06:20:32.122916680,النرجس,الرياض,2341.64,2,0.65,0.75,0.7,13485000.0
2022-01-04 00:47:32.490363344,حطين,الرياض,1332.82,4,0.65,0.75,0.7,12950000.0
2022-01-05 19:14:32.857810,حطين,الرياض,711.52,2,0.65,0.75,0.7,5853000.0
2022-01-07 13:41:33.225256656,العارض,الرياض,2113.21,3,0.65,0.75,0.7,9238000.0
2022-01-09 08:08:33.592703320,القيروان,الرياض,2427.34,2,0.65,0.75,0.7,10385000.0
2022-01-11 02:35:33.960149976,الياسمين,الرياض,470.39,2,0.65,0.75,0.7,2851000.0
2022-01-12 21:02:34.327596632,العارض,الرياض,1222.52,2,0.65,0.75,0.7,4201000.0
2022-01-14 15:29:34.695043296,العارض,الرياض,1124.92,3,0.65,0.75,0.7,5292000.0
2022-01-16 09:56:35.062489952,النرجس,الرياض,1921.6,4,0.65,0.75,0.7,12959000.0
2022-01-18 04:23:35.429936608,العارض,الرياض,1829.75,3,0.65,0.75,0.7,9368000.0
2022-01-19 22:50:35.797383272,الياسمين,الرياض,1372.38,3,0.65,0.75,0.7,12604000.0
2022-01-21 17:17:36.164829928,حطين,الرياض,2643.75,3,0.65,0.75,0.7,19651000.0
2022-01-23 11:44:36.532276584,العارض,الرياض,872.35,3,0.65,0.75,0.7,2872000.0
2022-01-25 06:11:36.899723248,القيروان,الرياض,2176.37,3,0.65,0.75,0.7,12786000.0
2022-01-27 00:38:37.267169904,الياسمين,الرياض,1847.21,3,0.65,0.75,0.7,15526000.0
2022-01-28 19:05:37.634616560,الياسمين,الرياض,1936.88,3,0.65,0.75,0.7,17698000.0
2022-01-30 13:32:38.002063224,العارض,الرياض,1157.33,4,0.65,0.75,0.7,5235000.0
2022-02-01 07:59:38.369509880,حطين,الرياض,484.07,3,0.65,0.75,0.7,3907000.0
2022-02-03 02:26:38.736956536,حطين,الرياض,927.89,2,0.65,0.75,0.7,7634000.0
2022-02-04 20:53:39.104403200,حطين,الرياض,1141.9,3,0.65,0.75,0.7,12312000.0
2022-02-06 15:20:39.471849856,الملقا,الرياض,1049.93,4,0.65,0.75,0.7,10437000.0
2022-02-08 09:47:39.839296512,القيروان,الرياض,2055.54,4,0.65,0.75,0.7,9606000.0
2022-02-10 04:14:40.206743176,العارض,الرياض,1823.99,3,0.65,0.75,0.7,8174000.0
2022-02-11 22:41:40.574189832,حطين,الرياض,2955.93,4,0.65,0.75,0.7,24180000.0
2022-02-13 17:08:40.941636488,النرجس,الرياض,501.5,3,0.65,0.75,0.7,3306000.0
2022-02-15 11:35:41.309083152,الياسمين,الرياض,1968.74,4,0.65,0.75,0.7,12973000.0
2022-02-17 06:02:41.676529808,العارض,الرياض,928.14,2,0.65,0.75,0.7,2959000.0
2022-02-19 00:29:42.043976464,الياسمين,الرياض,652.92,4,0.65,0.75,0.7,5696000.0
2022-02-20 18:56:42.411423128,النرجس,الرياض,825.48,4,0.65,0.75,0.7,5448000.0
2022-02-22 13:23:42.778869784,القيروان,الرياض,1345.11,2,0.65,0.75,0.7,5026000.0
2022-02-24 07:50:43.146316440,الملقا,الرياض,1423.62,4,0.65,0.75,0.7,12772000.0
2022-02-26 02:17:43.513763104,الملقا,الرياض,2138.63,4,0.65,0.75,0.7,22738000.0
2022-02-27 20:44:43.881209760,العارض,الرياض,1173.45,3,0.65,0.75,0.7,4714000.0
2022-03-01 15:11:44.248656416,النرجس,الرياض,596.29,4,0.65,0.75,0.7,4660000.0
2022-03-03 09:38:44.616103080,القيروان,الرياض,2579.76,4,0.65,0.75,0.7,13367000.0
2022-03-05 04:05:44.983549736,حطين,الرياض,2488.85,2,0.65,0.75,0.7,16970000.0
2022-03-06 22:32:45.350996392,العارض,الرياض,1540.51,2,0.65,0.75,0.7,7778000.0
2022-03-08 16:59:45.718443056,القيروان,الرياض,2483.99,2,0.65,0.75,0.7,10776000.0
2022-03-10 11:26:46.085889712,الملقا,الرياض,2811.86,2,0.65,0.75,0.7,17892000.0
2022-03-12 05:53:46.453336368,العارض,الرياض,1515.34,2,0.65,0.75,0.7,6401000.0
2022-03-14 00:20:46.820783032,الياسمين,الرياض,479.96,2,0.65,0.75,0.7,2826000.0
2022-03-15 18:47:47.188229688,حطين,الرياض,2136.62,2,0.65,0.75,0.7,16589000.0
2022-03-17 13:14:47.555676344,الملقا,الرياض,2314.76,2,0.65,0.75,0.7,12351000.0
2022-03-19 07:41:47.923123008,الياسمين,الرياض,1244.2,4,0.65,0.75,0.7,10764000.0
2022-03-21 02:08:48.290569664,القيروان,الرياض,2416.38,4,0.65,0.75,0.7,12135000.0
2022-03-22 20:35:48.658016320,العارض,الرياض,2363.81,3,0.65,0.75,0.7,7969000.0
2022-03-24 15:02:49.025462984,الملقا,الرياض,521.86,2,0.65,0.75,0.7,3781000.0
2022-03-26 09:29:49.392909640,النرجس,الرياض,1331.24,3,0.65,0.75,0.7,8352000.0
2022-03-28 03:56:49.760356296,النرجس,الرياض,989.62,3,0.65,0.75,0.7,5634000.0
2022-03-29 22:23:50.127802960,القيروان,الرياض,2718.7,3,0.65,0.75,0.7,16568000.0
2022-03-31 16:50:50.495249616,حطين,الرياض,1090.62,3,0.65,0.75,0.7,11695000.0
2022-04-02 11:17:50.862696272,النرجس,الرياض,2491.78,3,0.65,0.75,0.7,15372000.0
2022-04-04 05:44:51.230142936,النرجس,الرياض,1213.32,3,0.65,0.75,0.7,6668000.0
2022-04-06 00:11:51.597589592,العارض,الرياض,1486.39,2,0.65,0.75,0.7,4217000.0
2022-04-07 18:38:51.965036248,النرجس,الرياض,1039.24,2,0.65,0.75,0.7,6751000.0
2022-04-09 13:05:52.332482912,القيروان,الرياض,2979.52,3,0.65,0.75,0.7,17273000.0
2022-04-11 07:32:52.699929568,العارض,الرياض,2625.7,2,0.65,0.75,0.7,11738000.0
2022-04-13 01:59:53.067376224,الياسمين,الرياض,896.87,3,0.65,0.75,0.7,8134000.0
2022-04-14 20:26:53.434822880,العارض,الرياض,2266.92,4,0.65,0.75,0.7,9539000.0
2022-04-16 14:53:53.802269552,الياسمين,الرياض,2333.61,2,0.65,0.75,0.7,17926000.0
2022-04-18 09:20:54.169716208,القيروان,الرياض,416.57,3,0.65,0.75,0.7,1699000.0
2022-04-20 03:47:54.537162864,الياسمين,الرياض,2905.85,4,0.65,0.75,0.7,24363000.0
2022-04-21 22:14:54.904609520,العارض,الرياض,2569.9,2,0.65,0.75,0.7,10935000.0
2022-04-23 16:41:55.272056176,الملقا,الرياض,1952.24,3,0.65,0.75,0.7,17790000.0
2022-04-25 11:08:55.639502832,حطين,الرياض,2159.99,4,0.65,0.75,0.7,21322000.0
2022-04-27 05:35:56.006949504,القيروان,الرياض,734.29,3,0.65,0.75,0.7,3347000.0
2022-04-29 00:02:56.374396160,الملقا,الرياض,966.03,2,0.65,0.75,0.7,7575000.0
2022-04-30 18:29:56.741842816,الياسمين,الرياض,2675.5,3,0.65,0.75,0.7,16512000.0
2022-05-02 12:56:57.109289472,حطين,الرياض,1798.73,3,0.65,0.75,0.7,15956000.0
2022-05-04 07:23:57.476736128,العارض,الرياض,2416.24,3,0.65,0.75,0.7,10982000.0
2022-05-06 01:50:57.844182784,الياسمين,الرياض,2567.9,2,0.65,0.75,0.7,15175000.0
2022-05-07 20:17:58.211629456,الملقا,الرياض,2131.62,4,0.65,0.75,0.7,23360000.0
2022-05-09 14:44:58.579076112,حطين,الرياض,1569.86,4,0.65,0.75,0.7,16846000.0
2022-05-11 09:11:58.946522768,الملقا,الرياض,2249.59,3,0.65,0.75,0.7,15097000.0
2022-05-13 03:38:59.313969424,العارض,الرياض,1357.12,2,0.65,0.75,0.7,4259000.0
2022-05-14 22:05:59.681416080,الياسمين,الرياض,1346.72,2,0.65,0.75,0.7,9070000.0
2022-05-16 16:33:00.048862736,حطين,الرياض,1598.63,3,0.65,0.75,0.7,15222000.0
2022-05-18 11:00:00.416309408,حطين,الرياض,2197.95,3,0.65,0.75,0.7,18920000.0
2022-05-20 05:27:00.783756064,الياسمين,الرياض,1918.3,4,0.65,0.75,0.7,14171000.0
2022-05-21 23:54:01.151202720,الياسمين,الرياض,508.06,3,0.65,0.75,0.7,4625000.0
2022-05-23 18:21:01.518649376,النرجس,الرياض,2314.0,3,0.65,0.75,0.7,17438000.0
2022-05-25 12:48:01.886096032,الياسمين,الرياض,1488.54,3,0.65,0.75,0.7,11875000.0
2022-05-27 07:15:02.253542688,النرجس,الرياض,1471.85,3,0.65,0.75,0.7,10374000.0
2022-05-29 01:42:02.620989360,القيروان,الرياض,1108.5,2,0.65,0.75,0.7,5468000.0
2022-05-30 20:09:02.988436016,العارض,الرياض,2017.68,4,0.65,0.75,0.7,9331000.0
2022-06-01 14:36:03.355882672,العارض,الرياض,1336.35,2,0.65,0.75,0.7,6239000.0
2022-06-03 09:03:03.723329328,العارض,الرياض,847.93,2,0.65,0.75,0.7,4334000.0
2022-06-05 03:30:04.090775984,القيروان,الرياض,1881.69,3,0.65,0.75,0.7,8054000.0
2022-06-06 21:57:04.458222640,الملقا,الرياض,1698.81,2,0.65,0.75,0.7,13247000.0
2022-06-08 16:24:04.825669312,حطين,الرياض,1546.68,2,0.65,0.75,0.7,10649000.0
2022-06-10 10:51:05.193115968,الملقا,الرياض,2830.85,3,0.65,0.75,0.7,24627000.0
2022-06-12 05:18:05.560562624,النرجس,الرياض,318.98,2,0.65,0.75,0.7,1752000.0
2022-06-13 23:45:05.928009280,العارض,الرياض,1947.61,2,0.65,0.75,0.7,9054000.0
2022-06-15 18:12:06.295455936,القيروان,الرياض,486.19,3,0.65,0.75,0.7,2313000.0
2022-06-17 12:39:06.662902592,النرجس,الرياض,1006.61,4,0.65,0.75,0.7,6157000.0
2022-06-19 07:06:07.030349264,الياسمين,الرياض,2580.93,3,0.65,0.75,0.7,12832000.0
2022-06-21 01:33:07.397795920,الملقا,الرياض,1616.44,4,0.65,0.75,0.7,9020000.0
2022-06-22 20:00:07.765242576,العارض,الرياض,1237.83,4,0.65,0.75,0.7,5902000.0
2022-06-24 14:27:08.132689232,النرجس,الرياض,2277.61,4,0.65,0.75,0.7,21740000.0
2022-06-26 08:54:08.500135888,الملقا,الرياض,441.1,3,0.65,0.75,0.7,3981000.0
2022-06-28 03:21:08.867582544,حطين,الرياض,2949.5,3,0.65,0.75,0.7,20723000.0
2022-06-29 21:48:09.235029200,حطين,الرياض,1213.31,4,0.65,0.75,0.7,14922000.0
2022-07-01 16:15:09.602475872,العارض,الرياض,1943.02,2,0.65,0.75,0.7,6353000.0
2022-07-03 10:42:09.969922528,الياسمين,الرياض,2146.14,2,0.65,0.75,0.7,14456000.0
2022-07-05 05:09:10.337369184,القيروان,الرياض,609.88,3,0.65,0.75,0.7,3453000.0
2022-07-06 23:36:10.704815840,حطين,الرياض,1781.86,3,0.65,0.75,0.7,13539000.0
2022-07-08 18:03:11.072262496,القيروان,الرياض,1537.41,2,0.65,0.75,0.7,7272000.0
2022-07-10 12:30:11.439709152,الياسمين,الرياض,883.44,3,0.65,0.75,0.7,5920000.0
2022-07-12 06:57:11.807155824,حطين,الرياض,1411.77,2,0.65,0.75,0.7,13806000.0
2022-07-14 01:24:12.174602480,العارض,الرياض,602.23,4,0.65,0.75,0.7,2701000.0
2022-07-15 19:51:12.542049136,النرجس,الرياض,440.28,4,0.65,0.75,0.7,3588000.0
2022-07-17 14:18:12.909495792,القيروان,الرياض,1771.09,3,0.65,0.75,0.7,9680000.0
2022-07-19 08:45:13.276942448,الياسمين,الرياض,348.45,2,0.65,0.75,0.7,2390000.0
2022-07-21 03:12:13.644389104,حطين,الرياض,2855.92,3,0.65,0.75,0.7,26151000.0
2022-07-22 21:39:14.011835776,حطين,الرياض,1806.55,3,0.65,0.75,0.7,14516000.0
2022-07-24 16:06:14.379282432,الياسمين,الرياض,1754.49,4,0.65,0.75,0.7,11937000.0
2022-07-26 10:33:14.746729088,النرجس,الرياض,2073.31,2,0.65,0.75,0.7,12308000.0
2022-07-28 05:00:15.114175744,القيروان,الرياض,828.15,3,0.65,0.75,0.7,3258000.0
2022-07-29 23:27:15.481622400,حطين,الرياض,1263.01,2,0.65,0.75,0.7,11838000.0
2022-07-31 17:54:15.849069056,حطين,الرياض,1369.12,3,0.65,0.75,0.7,13064000.0
2022-08-02 12:21:16.216515728,الياسمين,الرياض,726.48,3,0.65,0.75,0.7,6563000.0
2022-08-04 06:48:16.583962384,النرجس,الرياض,2746.59,3,0.65,0.75,0.7,15731000.0
2022-08-06 01:15:16.951409040,النرجس,الرياض,1669.04,2,0.65,0.75,0.7,9666000.0
2022-08-07 19:42:17.318855696,النرجس,الرياض,2515.02,2,0.65,0.75,0.7,14170000.0
2022-08-09 14:09:17.686302352,حطين,الرياض,1961.3,3,0.65,0.75,0.7,20713000.0
2022-08-11 08:36:18.053749008,حطين,الرياض,1163.1,2,0.65,0.75,0.7,8644000.0
2022-08-13 03:03:18.421195680,حطين,الرياض,2957.1,2,0.65,0.75,0.7,27212000.0
2022-08-14 21:30:18.788642336,الياسمين,الرياض,551.18,2,0.65,0.75,0.7,3897000.0
2022-08-16 15:57:19.156088992,حطين,الرياض,866.33,3,0.65,0.75,0.7,8746000.0
2022-08-18 10:24:19.523535648,الملقا,الرياض,2511.47,3,0.65,0.75,0.7,16841000.0
2022-08-20 04:51:19.890982304,القيروان,الرياض,2350.87,2,0.65,0.75,0.7,10695000.0
2022-08-21 23:18:20.258428960,حطين,الرياض,1266.06,3,0.65,0.75,0.7,14427000.0
2022-08-23 17:45:20.625875632,الملقا,الرياض,2675.52,3,0.65,0.75,0.7,20640000.0
2022-08-25 12:12:20.993322288,القيروان,الرياض,571.72,2,0.65,0.75,0.7,2732000.0
2022-08-27 06:39:21.360768944,القيروان,الرياض,2744.47,4,0.65,0.75,0.7,16260000.0
2022-08-29 01:06:21.728215600,القيروان,الرياض,1976.51,3,0.65,0.75,0.7,12545000.0
2022-08-30 19:33:22.095662256,الملقا,الرياض,2476.73,3,0.65,0.75,0.7,21971000.0
2022-09-01 14:00:22.463108912,القيروان,الرياض,2125.68,3,0.65,0.75,0.7,10462000.0
2022-09-03 08:27:22.830555584,الملقا,الرياض,310.31,4,0.65,0.75,0.7,2313000.0
2022-09-05 02:54:23.198002240,الملقا,الرياض,2560.01,4,0.65,0.75,0.7,19985000.0
2022-09-06 21:21:23.565448896,الياسمين,الرياض,1219.03,3,0.65,0.75,0.7,8230000.0
2022-09-08 15:48:23.932895552,العارض,الرياض,389.61,2,0.65,0.75,0.7,1428000.0
2022-09-10 10:15:24.300342208,العارض,الرياض,2349.97,2,0.65,0.75,0.7,11282000.0
2022-09-12 04:42:24.667788864,الملقا,الرياض,1002.77,2,0.65,0.75,0.7,9529000.0
2022-09-13 23:09:25.035235536,الياسمين,الرياض,300.51,4,0.65,0.75,0.7,1714000.0
2022-09-15 17:36:25.402682192,حطين,الرياض,2634.32,3,0.65,0.75,0.7,17313000.0
2022-09-17 12:03:25.770128848,حطين,الرياض,2937.36,3,0.65,0.75,0.7,25904000.0
2022-09-19 06:30:26.137575504,الملقا,الرياض,373.37,3,0.65,0.75,0.7,2702000.0
2022-09-21 00:57:26.505022160,النرجس,الرياض,2617.52,4,0.65,0.75,0.7,24685000.0
2022-09-22 19:24:26.872468816,العارض,الرياض,2566.54,2,0.65,0.75,0.7,13508000.0
2022-09-24 13:51:27.239915488,العارض,الرياض,2262.01,4,0.65,0.75,0.7,14204000.0
2022-09-26 08:18:27.607362144,القيروان,الرياض,1514.57,3,0.65,0.75,0.7,6964000.0
2022-09-28 02:45:27.974808800,النرجس,الرياض,484.52,2,0.65,0.75,0.7,2719000.0
2022-09-29 21:12:28.342255456,القيروان,الرياض,1113.42,4,0.65,0.75,0.7,5031000.0
2022-10-01 15:39:28.709702112,حطين,الرياض,911.15,3,0.65,0.75,0.7,9318000.0
2022-10-03 10:06:29.077148768,النرجس,الرياض,1901.7,2,0.65,0.75,0.7,15538000.0
2022-10-05 04:33:29.444595440,النرجس,الرياض,1990.68,2,0.65,0.75,0.7,13379000.0
2022-10-06 23:00:29.812042096,الياسمين,الرياض,1023.0,3,0.65,0.75,0.7,7246000.0
2022-10-08 17:27:30.179488752,القيروان,الرياض,1707.9,2,0.65,0.75,0.7,7156000.0
2022-10-10 11:54:30.546935408,الملقا,الرياض,2291.43,2,0.65,0.75,0.7,16823000.0
2022-10-12 06:21:30.914382064,الياسمين,الرياض,2106.84,2,0.65,0.75,0.7,11194000.0
2022-10-14 00:48:31.281828720,النرجس,الرياض,2758.83,3,0.65,0.75,0.7,21621000.0
2022-10-15 19:15:31.649275392,العارض,الرياض,1925.19,3,0.65,0.75,0.7,8553000.0
2022-10-17 13:42:32.016722048,القيروان,الرياض,2026.94,4,0.65,0.75,0.7,11129000.0
2022-10-19 08:09:32.384168704,القيروان,الرياض,581.41,3,0.65,0.75,0.7,3267000.0
2022-10-21 02:36:32.751615360,الملقا,الرياض,2956.37,4,0.65,0.75,0.7,20965000.0
2022-10-22 21:03:33.119062016,النرجس,الرياض,2707.0,3,0.65,0.75,0.7,16559000.0
2022-10-24 15:30:33.486508672,حطين,الرياض,678.07,3,0.65,0.75,0.7,7177000.0
2022-10-26 09:57:33.853955344,الياسمين,الرياض,1194.64,2,0.65,0.75,0.7,6362000.0
2022-10-28 04:24:34.221402,الياسمين,الرياض,1580.58,2,0.65,0.75,0.7,9230000.0
2022-10-29 22:51:34.588848656,الياسمين,الرياض,314.87,3,0.65,0.75,0.7,1984000.0
2022-10-31 17:18:34.956295312,العارض,الرياض,1069.25,4,0.65,0.75,0.7,6038000.0
2022-11-02 11:45:35.323741968,النرجس,الرياض,1844.53,3,0.65,0.75,0.7,11488000.0
2022-11-04 06:12:35.691188624,القيروان,الرياض,2509.16,2,0.65,0.75,0.7,11956000.0
2022-11-06 00:39:36.058635296,العارض,الرياض,1670.01,2,0.65,0.75,0.7,5369000.0
2022-11-07 19:06:36.426081952,حطين,الرياض,1516.61,4,0.65,0.75,0.7,13607000.0
2022-11-09 13:33:36.793528608,الياسمين,الرياض,1365.36,4,0.65,0.75,0.7,11007000.0
2022-11-11 08:00:37.160975264,حطين,الرياض,1941.34,2,0.65,0.75,0.7,18723000.0
2022-11-13 02:27:37.528421920,النرجس,الرياض,2878.66,3,0.65,0.75,0.7,23364000.0
2022-11-14 20:54:37.895868576,النرجس,الرياض,409.51,3,0.65,0.75,0.7,2686000.0
2022-11-16 15:21:38.263315248,حطين,الرياض,2096.29,2,0.65,0.75,0.7,15248000.0
2022-11-18 09:48:38.630761904,الياسمين,الرياض,1431.16,2,0.65,0.75,0.7,7797000.0
2022-11-20 04:15:38.998208560,الياسمين,الرياض,516.49,4,0.65,0.75,0.7,5450000.0
2022-11-21 22:42:39.365655216,الملقا,الرياض,2045.42,4,0.65,0.75,0.7,16928000.0
2022-11-23 17:09:39.733101872,الياسمين,الرياض,327.35,3,0.65,0.75,0.7,2185000.0
2022-11-25 11:36:40.100548528,الملقا,الرياض,2300.65,2,0.65,0.75,0.7,12628000.0
2022-11-27 06:03:40.467995200,حطين,الرياض,1741.71,3,0.65,0.75,0.7,10400000.0
2022-11-29 00:30:40.835441856,النرجس,الرياض,1612.2,2,0.65,0.75,0.7,9075000.0
2022-11-30 18:57:41.202888512,الياسمين,الرياض,2757.36,3,0.65,0.75,0.7,23728000.0
2022-12-02 13:24:41.570335168,العارض,الرياض,2061.19,2,0.65,0.75,0.7,8273000.0
2022-12-04 07:51:41.937781824,حطين,الرياض,1460.81,4,0.65,0.75,0.7,13160000.0
2022-12-06 02:18:42.305228480,النرجس,الرياض,1893.77,3,0.65,0.75,0.7,12620000.0
2022-12-07 20:45:42.672675152,القيروان,الرياض,1515.33,4,0.65,0.75,0.7,9319000.0
2022-12-09 15:12:43.040121808,الياسمين,الرياض,1719.69,3,0.65,0.75,0.7,10740000.0
2022-12-11 09:39:43.407568464,العارض,الرياض,1462.43,2,0.65,0.75,0.7,6233000.0
2022-12-13 04:06:43.775015120,الياسمين,الرياض,368.71,3,0.65,0.75,0.7,2778000.0
2022-12-14 22:33:44.142461776,الياسمين,الرياض,1219.63,4,0.65,0.75,0.7,10129000.0
2022-12-16 17:00:44.509908432,العارض,الرياض,2587.28,3,0.65,0.75,0.7,13474000.0
2022-12-18 11:27:44.877355104,حطين,الرياض,1866.6,3,0.65,0.75,0.7,15050000.0
2022-12-20 05:54:45.244801760,الياسمين,الرياض,1611.09,4,0.65,0.75,0.7,13848000.0
2022-12-22 00:21:45.612248416,الياسمين,الرياض,666.63,3,0.65,0.75,0.7,4022000.0
2022-12-23 18:48:45.979695072,النرجس,الرياض,732.07,3,0.65,0.75,0.7,4499000.0
2022-12-25 13:15:46.347141728,القيروان,الرياض,697.07,2,0.65,0.75,0.7,2959000.0
2022-12-27 07:42:46.714588384,القيروان,الرياض,2698.69,3,0.65,0.75,0.7,16068000.0
2022-12-29 02:09:47.082035056,العارض,الرياض,2956.84,2,0.65,0.75,0.7,12557000.0
2022-12-30 20:36:47.449481712,القيروان,الرياض,1737.1,2,0.65,0.75,0.7,9338000.0
2023-01-01 15:03:47.816928368,القيروان,الرياض,2550.85,4,0.65,0.75,0.7,14234000.0
2023-01-03 09:30:48.184375024,القيروان,الرياض,778.36,2,0.65,0.75,0.7,3703000.0
2023-01-05 03:57:48.551821680,الملقا,الرياض,1029.67,4,0.65,0.75,0.7,10309000.0
2023-01-06 22:24:48.919268336,النرجس,الرياض,675.83,4,0.65,0.75,0.7,3576000.0
2023-01-08 16:51:49.286715008,الملقا,الرياض,2505.24,4,0.65,0.75,0.7,22648000.0
2023-01-10 11:18:49.654161664,حطين,الرياض,1179.72,3,0.65,0.75,0.7,11482000.0
2023-01-12 05:45:50.021608320,القيروان,الرياض,2273.21,2,0.65,0.75,0.7,8929000.0
2023-01-14 00:12:50.389054976,الملقا,الرياض,2902.88,2,0.65,0.75,0.7,22995000.0
2023-01-15 18:39:50.756501632,القيروان,الرياض,1254.34,4,0.65,0.75,0.7,8336000.0
2023-01-17 13:06:51.123948288,الياسمين,الرياض,637.02,2,0.65,0.75,0.7,4453000.0
2023-01-19 07:33:51.491394960,الملقا,الرياض,1560.31,3,0.65,0.75,0.7,14850000.0
2023-01-21 02:00:51.858841616,النرجس,الرياض,2948.67,3,0.65,0.75,0.7,18589000.0
2023-01-22 20:27:52.226288272,الياسمين,الرياض,1313.39,3,0.65,0.75,0.7,8095000.0
2023-01-24 14:54:52.593734928,القيروان,الرياض,1935.54,2,0.65,0.75,0.7,10217000.0
2023-01-26 09:21:52.961181584,حطين,الرياض,2259.43,2,0.65,0.75,0.7,24501000.0
2023-01-28 03:48:53.328628240,العارض,الرياض,2364.23,4,0.65,0.75,0.7,13226000.0
2023-01-29 22:15:53.696074912,الملقا,الرياض,841.28,2,0.65,0.75,0.7,4629000.0
2023-01-31 16:42:54.063521568,الياسمين,الرياض,1142.13,4,0.65,0.75,0.7,8383000.0
2023-02-02 11:09:54.430968224,القيروان,الرياض,1678.17,3,0.65,0.75,0.7,8354000.0
2023-02-04 05:36:54.798414880,القيروان,الرياض,2808.99,3,0.65,0.75,0.7,16992000.0
2023-02-06 00:03:55.165861536,القيروان,الرياض,2169.84,3,0.65,0.75,0.7,13038000.0
2023-02-07 18:30:55.533308192,العارض,الرياض,1200.2,4,0.65,0.75,0.7,5451000.0
2023-02-09 12:57:55.900754864,النرجس,الرياض,2885.11,4,0.65,0.75,0.7,25646000.0
2023-02-11 07:24:56.268201520,العارض,الرياض,2008.85,4,0.65,0.75,0.7,8130000.0
2023-02-13 01:51:56.635648176,النرجس,الرياض,2334.26,2,0.65,0.75,0.7,16819000.0
2023-02-14 20:18:57.003094832,العارض,الرياض,2190.09,4,0.65,0.75,0.7,9088000.0
2023-02-16 14:45:57.370541488,الياسمين,الرياض,1616.6,3,0.65,0.75,0.7,11523000.0
2023-02-18 09:12:57.737988144,العارض,الرياض,2006.64,2,0.65,0.75,0.7,7862000.0
2023-02-20 03:39:58.105434816,حطين,الرياض,495.25,2,0.65,0.75,0.7,3514000.0
2023-02-21 22:06:58.472881472,القيروان,الرياض,604.92,3,0.65,0.75,0.7,3757000.0
2023-02-23 16:33:58.840328128,القيروان,الرياض,2209.13,3,0.65,0.75,0.7,7914000.0
2023-02-25 11:00:59.207774784,النرجس,الرياض,927.44,4,0.65,0.75,0.7,6191000.0
2023-02-27 05:27:59.575221440,النرجس,الرياض,1089.79,3,0.65,0.75,0.7,6854000.0
2023-02-28 23:54:59.942668096,النرجس,الرياض,2574.02,2,0.65,0.75,0.7,16463000.0
2023-03-02 18:22:00.310114768,النرجس,الرياض,2943.25,2,0.65,0.75,0.7,18769000.0
2023-03-04 12:49:00.677561424,حطين,الرياض,807.18,4,0.65,0.75,0.7,7503000.0
2023-03-06 07:16:01.045008080,العارض,الرياض,1513.24,3,0.65,0.75,0.7,9238000.0
2023-03-08 01:43:01.412454736,النرجس,الرياض,1720.95,3,0.65,0.75,0.7,13939000.0
2023-03-09 20:10:01.779901392,النرجس,الرياض,2520.84,4,0.65,0.75,0.7,17127000.0
2023-03-11 14:37:02.147348048,الياسمين,الرياض,2393.43,3,0.65,0.75,0.7,17271000.0
2023-03-13 09:04:02.514794720,القيروان,الرياض,728.29,3,0.65,0.75,0.7,3032000.0
2023-03-15 03:31:02.882241376,الياسمين,الرياض,2321.34,4,0.65,0.75,0.7,16139000.0
2023-03-16 21:58:03.249688032,الياسمين,الرياض,810.41,2,0.65,0.75,0.7,4932000.0
2023-03-18 16:25:03.617134688,القيروان,الرياض,469.26,3,0.65,0.75,0.7,2138000.0
2023-03-20 10:52:03.984581344,الملقا,الرياض,1219.0,2,0.65,0.75,0.7,7695000.0
2023-03-22 05:19:04.352028,حطين,الرياض,2639.68,3,0.65,0.75,0.7,24417000.0
2023-03-23 23:46:04.719474672,حطين,الرياض,1471.31,2,0.65,0.75,0.7,11578000.0
2023-03-25 18:13:05.086921328,النرجس,الرياض,613.26,4,0.65,0.75,0.7,4815000.0
2023-03-27 12:40:05.454367984,النرجس,الرياض,1346.65,4,0.65,0.75,0.7,10556000.0
2023-03-29 07:07:05.821814640,الياسمين,الرياض,986.42,4,0.65,0.75,0.7,8918000.0
2023-03-31 01:34:06.189261296,حطين,الرياض,2908.33,4,0.65,0.75,0.7,29937000.0
2023-04-01 20:01:06.556707952,الياسمين,الرياض,584.49,4,0.65,0.75,0.7,5545000.0
2023-04-03 14:28:06.924154624,الملقا,الرياض,2998.56,2,0.65,0.75,0.7,21062000.0
2023-04-05 08:55:07.291601280,القيروان,الرياض,1468.37,4,0.65,0.75,0.7,7382000.0
2023-04-07 03:22:07.659047936,العارض,الرياض,2012.95,4,0.65,0.75,0.7,10496000.0
2023-04-08 21:49:08.026494592,القيروان,الرياض,2595.94,2,0.65,0.75,0.7,12500000.0
2023-04-10 16:16:08.393941248,العارض,الرياض,1575.16,3,0.65,0.75,0.7,6874000.0
2023-04-12 10:43:08.761387904,حطين,الرياض,1097.31,4,0.65,0.75,0.7,10555000.0
2023-04-14 05:10:09.128834576,العارض,الرياض,2290.16,3,0.65,0.75,0.7,12557000.0
2023-04-15 23:37:09.496281232,الياسمين,الرياض,837.88,2,0.65,0.75,0.7,4806000.0
2023-04-17 18:04:09.863727888,القيروان,الرياض,1293.02,2,0.65,0.75,0.7,6991000.0
2023-04-19 12:31:10.231174544,النرجس,الرياض,569.64,3,0.65,0.75,0.7,3635000.0
2023-04-21 06:58:10.598621200,القيروان,الرياض,1323.55,3,0.65,0.75,0.7,5378000.0
2023-04-23 01:25:10.966067856,الياسمين,الرياض,1630.73,4,0.65,0.75,0.7,11145000.0
2023-04-24 19:52:11.333514528,حطين,الرياض,2746.38,2,0.65,0.75,0.7,22043000.0
2023-04-26 14:19:11.700961184,النرجس,الرياض,2129.36,4,0.65,0.75,0.7,18750000.0
2023-04-28 08:46:12.068407840,القيروان,الرياض,2386.89,3,0.65,0.75,0.7,12971000.0
2023-04-30 03:13:12.435854496,العارض,الرياض,1332.97,2,0.65,0.75,0.7,4675000.0
2023-05-01 21:40:12.803301152,الياسمين,الرياض,1017.07,2,0.65,0.75,0.7,5917000.0
2023-05-03 16:07:13.170747808,القيروان,الرياض,2033.02,4,0.65,0.75,0.7,13051000.0
2023-05-05 10:34:13.538194480,حطين,الرياض,1780.63,4,0.65,0.75,0.7,20925000.0
2023-05-07 05:01:13.905641136,القيروان,الرياض,1936.6,2,0.65,0.75,0.7,8850000.0
2023-05-08 23:28:14.273087792,حطين,الرياض,1117.87,4,0.65,0.75,0.7,11993000.0
2023-05-10 17:55:14.640534448,حطين,الرياض,1578.18,4,0.65,0.75,0.7,17489000.0
2023-05-12 12:22:15.007981104,الياسمين,الرياض,1871.96,2,0.65,0.75,0.7,13795000.0
2023-05-14 06:49:15.375427760,الياسمين,الرياض,2040.4,3,0.65,0.75,0.7,15034000.0
2023-05-16 01:16:15.742874432,الياسمين,الرياض,908.53,4,0.65,0.75,0.7,7146000.0
2023-05-17 19:43:16.110321088,الياسمين,الرياض,1861.41,4,0.65,0.75,0.7,19084000.0
2023-05-19 14:10:16.477767744,الملقا,الرياض,1723.62,4,0.65,0.75,0.7,14815000.0
2023-05-21 08:37:16.845214400,القيروان,الرياض,2857.97,3,0.65,0.75,0.7,14178000.0
2023-05-23 03:04:17.212661056,حطين,الرياض,1568.97,4,0.65,0.75,0.7,14014000.0
2023-05-24 21:31:17.580107712,الياسمين,الرياض,2812.64,2,0.65,0.75,0.7,20766000.0
2023-05-26 15:58:17.947554384,الياسمين,الرياض,662.54,3,0.65,0.75,0.7,4235000.0
2023-05-28 10:25:18.315001040,العارض,الرياض,2862.49,3,0.65,0.75,0.7,12005000.0
2023-05-30 04:52:18.682447696,النرجس,الرياض,1041.7,3,0.65,0.75,0.7,6897000.0
2023-05-31 23:19:19.049894352,الياسمين,الرياض,1538.21,4,0.65,0.75,0.7,11058000.0
2023-06-02 17:46:19.417341008,الياسمين,الرياض,1502.96,2,0.65,0.75,0.7,8736000.0
2023-06-04 12:13:19.784787664,القيروان,الرياض,953.34,3,0.65,0.75,0.7,4294000.0
2023-06-06 06:40:20.152234336,القيروان,الرياض,2018.65,4,0.65,0.75,0.7,11358000.0
2023-06-08 01:07:20.519680992,حطين,الرياض,1479.89,4,0.65,0.75,0.7,13140000.0
2023-06-09 19:34:20.887127648,الياسمين,الرياض,877.68,3,0.65,0.75,0.7,8240000.0
2023-06-11 14:01:21.254574304,حطين,الرياض,2751.33,3,0.65,0.75,0.7,24998000.0
2023-06-13 08:28:21.622020960,الملقا,الرياض,1367.06,3,0.65,0.75,0.7,14672000.0
2023-06-15 02:55:21.989467616,النرجس,الرياض,2387.34,4,0.65,0.75,0.7,15527000.0
2023-06-16 21:22:22.356914288,الياسمين,الرياض,1537.23,2,0.65,0.75,0.7,10362000.0
2023-06-18 15:49:22.724360944,النرجس,الرياض,1647.02,2,0.65,0.75,0.7,12129000.0
2023-06-20 10:16:23.091807600,العارض,الرياض,2417.94,3,0.65,0.75,0.7,12248000.0
2023-06-22 04:43:23.459254256,الملقا,الرياض,2482.34,3,0.65,0.75,0.7,17124000.0
2023-06-23 23:10:23.826700912,القيروان,الرياض,378.76,4,0.65,0.75,0.7,2461000.0
2023-06-25 17:37:24.194147568,حطين,الرياض,1684.34,4,0.65,0.75,0.7,16538000.0
2023-06-27 12:04:24.561594240,الملقا,الرياض,1359.64,2,0.65,0.75,0.7,8155000.0
2023-06-29 06:31:24.929040896,العارض,الرياض,1043.98,2,0.65,0.75,0.7,4430000.0
2023-07-01 00:58:25.296487552,القيروان,الرياض,977.7,2,0.65,0.75,0.7,3794000.0
2023-07-02 19:25:25.663934208,الملقا,الرياض,817.3,2,0.65,0.75,0.7,7763000.0
2023-07-04 13:52:26.031380864,العارض,الرياض,374.3,4,0.65,0.75,0.7,1663000.0
2023-07-06 08:19:26.398827520,حطين,الرياض,1062.69,2,0.65,0.75,0.7,8238000.0
2023-07-08 02:46:26.766274192,حطين,الرياض,2241.73,4,0.65,0.75,0.7,23189000.0
2023-07-09 21:13:27.133720848,حطين,الرياض,688.3,4,0.65,0.75,0.7,7401000.0
2023-07-11 15:40:27.501167504,الياسمين,الرياض,2855.43,2,0.65,0.75,0.7,18511000.0
2023-07-13 10:07:27.868614160,حطين,الرياض,1643.36,2,0.65,0.75,0.7,15930000.0
2023-07-15 04:34:28.236060816,الياسمين,الرياض,802.57,4,0.65,0.75,0.7,6842000.0
2023-07-16 23:01:28.603507472,الملقا,الرياض,1283.76,3,0.65,0.75,0.7,11967000.0
2023-07-18 17:28:28.970954144,النرجس,الرياض,1668.69,4,0.65,0.75,0.7,11468000.0
2023-07-20 11:55:29.338400800,النرجس,الرياض,1252.03,4,0.65,0.75,0.7,10185000.0
2023-07-22 06:22:29.705847456,العارض,الرياض,1550.89,2,0.65,0.75,0.7,5486000.0
2023-07-24 00:49:30.073294112,الياسمين,الرياض,645.24,3,0.65,0.75,0.7,4838000.0
2023-07-25 19:16:30.440740768,النرجس,الرياض,1894.16,3,0.65,0.75,0.7,11274000.0
2023-07-27 13:43:30.808187424,العارض,الرياض,849.66,2,0.65,0.75,0.7,3401000.0
2023-07-29 08:10:31.175634096,القيروان,الرياض,922.12,4,0.65,0.75,0.7,3998000.0
2023-07-31 02:37:31.543080752,العارض,الرياض,2275.66,4,0.65,0.75,0.7,9727000.0
2023-08-01 21:04:31.910527408,النرجس,الرياض,2349.49,3,0.65,0.75,0.7,16710000.0
2023-08-03 15:31:32.277974064,الملقا,الرياض,2505.3,3,0.65,0.75,0.7,15721000.0
2023-08-05 09:58:32.645420720,العارض,الرياض,1209.8,4,0.65,0.75,0.7,7621000.0
2023-08-07 04:25:33.012867376,النرجس,الرياض,2084.74,4,0.65,0.75,0.7,12543000.0
2023-08-08 22:52:33.380314048,حطين,الرياض,2335.34,4,0.65,0.75,0.7,17053000.0
2023-08-10 17:19:33.747760704,الملقا,الرياض,1996.77,3,0.65,0.75,0.7,15005000.0
2023-08-12 11:46:34.115207360,العارض,الرياض,1924.2,4,0.65,0.75,0.7,9836000.0
2023-08-14 06:13:34.482654016,النرجس,الرياض,1687.41,2,0.65,0.75,0.7,9422000.0
2023-08-16 00:40:34.850100672,النرجس,الرياض,2925.53,4,0.65,0.75,0.7,27589000.0
2023-08-17 19:07:35.217547328,الملقا,الرياض,1546.63,2,0.65,0.75,0.7,10740000.0
2023-08-19 13:34:35.584994,الياسمين,الرياض,637.84,2,0.65,0.75,0.7,5369000.0
2023-08-21 08:01:35.952440656,حطين,الرياض,827.15,2,0.65,0.75,0.7,5583000.0
2023-08-23 02:28:36.319887312,القيروان,الرياض,2095.89,2,0.65,0.75,0.7,12394000.0
2023-08-24 20:55:36.687333968,حطين,الرياض,1817.6,4,0.65,0.75,0.7,19765000.0
2023-08-26 15:22:37.054780624,الملقا,الرياض,1142.36,3,0.65,0.75,0.7,8652000.0
2023-08-28 09:49:37.422227280,الياسمين,الرياض,1337.76,4,0.65,0.75,0.7,13151000.0
2023-08-30 04:16:37.789673952,القيروان,الرياض,635.83,3,0.65,0.75,0.7,3519000.0
2023-08-31 22:43:38.157120608,حطين,الرياض,934.43,4,0.65,0.75,0.7,9529000.0
2023-09-02 17:10:38.524567264,حطين,الرياض,2206.72,2,0.65,0.75,0.7,21294000.0
2023-09-04 11:37:38.892013920,النرجس,الرياض,2239.83,3,0.65,0.75,0.7,12226000.0
2023-09-06 06:04:39.259460576,النرجس,الرياض,2896.09,3,0.65,0.75,0.7,18363000.0
2023-09-08 00:31:39.626907232,النرجس,الرياض,2636.3,4,0.65,0.75,0.7,17813000.0
2023-09-09 18:58:39.994353904,النرجس,الرياض,1083.12,3,0.65,0.75,0.7,7468000.0
2023-09-11 13:25:40.361800560,الياسمين,الرياض,1987.16,4,0.65,0.75,0.7,19873000.0
2023-09-13 07:52:40.729247216,الملقا,الرياض,2951.15,4,0.65,0.75,0.7,20423000.0
2023-09-15 02:19:41.096693872,النرجس,الرياض,1781.92,3,0.65,0.75,0.7,11921000.0
2023-09-16 20:46:41.464140528,العارض,الرياض,816.85,2,0.65,0.75,0.7,4307000.0
2023-09-18 15:13:41.831587184,النرجس,الرياض,1934.86,4,0.65,0.75,0.7,13464000.0
2023-09-20 09:40:42.199033856,القيروان,الرياض,526.58,2,0.65,0.75,0.7,2533000.0
2023-09-22 04:07:42.566480512,النرجس,الرياض,1309.59,2,0.65,0.75,0.7,8535000.0
2023-09-23 22:34:42.933927168,القيروان,الرياض,2112.99,4,0.65,0.75,0.7,10719000.0
2023-09-25 17:01:43.301373824,الملقا,الرياض,1922.98,2,0.65,0.75,0.7,14187000.0
2023-09-27 11:28:43.668820480,الياسمين,الرياض,2841.44,2,0.65,0.75,0.7,23059000.0
2023-09-29 05:55:44.036267136,العارض,الرياض,784.28,3,0.65,0.75,0.7,3315000.0
2023-10-01 00:22:44.403713792,النرجس,الرياض,2943.19,2,0.65,0.75,0.7,18911000.0
2023-10-02 18:49:44.771160464,القيروان,الرياض,1235.62,4,0.65,0.75,0.7,7354000.0
2023-10-04 13:16:45.138607120,حطين,الرياض,854.4,2,0.65,0.75,0.7,8218000.0
2023-10-06 07:43:45.506053776,الياسمين,الرياض,2162.4,3,0.65,0.75,0.7,20356000.0
2023-10-08 02:10:45.873500432,النرجس,الرياض,507.84,2,0.65,0.75,0.7,3683000.0
2023-10-09 20:37:46.240947088,القيروان,الرياض,2178.65,4,0.65,0.75,0.7,11912000.0
2023-10-11 15:04:46.608393744,القيروان,الرياض,2050.96,3,0.65,0.75,0.7,10147000.0
2023-10-13 09:31:46.975840416,الملقا,الرياض,1821.88,2,0.65,0.75,0.7,16810000.0
2023-10-15 03:58:47.343287072,الياسمين,الرياض,1947.02,2,0.65,0.75,0.7,16223000.0
2023-10-16 22:25:47.710733728,العارض,الرياض,875.33,4,0.65,0.75,0.7,4459000.0
2023-10-18 16:52:48.078180384,العارض,الرياض,847.11,3,0.65,0.75,0.7,3791000.0
2023-10-20 11:19:48.445627040,القيروان,الرياض,1994.21,2,0.65,0.75,0.7,9506000.0
2023-10-22 05:46:48.813073696,الملقا,الرياض,983.37,4,0.65,0.75,0.7,11554000.0
2023-10-24 00:13:49.180520368,النرجس,الرياض,809.06,3,0.65,0.75,0.7,6423000.0
2023-10-25 18:40:49.547967024,العارض,الرياض,575.11,3,0.65,0.75,0.7,3038000.0
2023-10-27 13:07:49.915413680,حطين,الرياض,527.61,2,0.65,0.75,0.7,4039000.0
2023-10-29 07:34:50.282860336,العارض,الرياض,998.52,2,0.65,0.75,0.7,4203000.0
2023-10-31 02:01:50.650306992,العارض,الرياض,2110.82,3,0.65,0.75,0.7,8717000.0
2023-11-01 20:28:51.017753648,الملقا,الرياض,546.76,2,0.65,0.75,0.7,4552000.0
2023-11-03 14:55:51.385200320,القيروان,الرياض,342.7,4,0.65,0.75,0.7,1688000.0
2023-11-05 09:22:51.752646976,الملقا,الرياض,468.82,2,0.65,0.75,0.7,3539000.0
2023-11-07 03:49:52.120093632,حطين,الرياض,1905.97,3,0.65,0.75,0.7,17397000.0
2023-11-08 22:16:52.487540288,حطين,الرياض,2563.93,3,0.65,0.75,0.7,17853000.0
2023-11-10 16:43:52.854986944,النرجس,الرياض,2424.28,4,0.65,0.75,0.7,18988000.0
2023-11-12 11:10:53.222433600,العارض,الرياض,2305.78,4,0.65,0.75,0.7,11175000.0
2023-11-14 05:37:53.589880272,الياسمين,الرياض,2786.07,3,0.65,0.75,0.7,21844000.0
2023-11-16 00:04:53.957326928,النرجس,الرياض,1200.74,2,0.65,0.75,0.7,9684000.0
2023-11-17 18:31:54.324773584,الياسمين,الرياض,1526.73,2,0.65,0.75,0.7,12671000.0
2023-11-19 12:58:54.692220240,النرجس,الرياض,2022.48,3,0.65,0.75,0.7,16244000.0
2023-11-21 07:25:55.059666896,النرجس,الرياض,2827.96,3,0.65,0.75,0.7,20348000.0
2023-11-23 01:52:55.427113552,حطين,الرياض,1089.43,4,0.65,0.75,0.7,11480000.0
2023-11-24 20:19:55.794560224,حطين,الرياض,1400.61,4,0.65,0.75,0.7,11819000.0
2023-11-26 14:46:56.162006880,حطين,الرياض,2803.2,4,0.65,0.75,0.7,26776000.0
2023-11-28 09:13:56.529453536,القيروان,الرياض,602.08,2,0.65,0.75,0.7,2297000.0
2023-11-30 03:40:56.896900192,العارض,الرياض,801.25,2,0.65,0.75,0.7,3882000.0
2023-12-01 22:07:57.264346848,العارض,الرياض,1504.74,2,0.65,0.75,0.7,5201000.0
2023-12-03 16:34:57.631793504,القيروان,الرياض,2796.31,4,0.65,0.75,0.7,12410000.0
2023-12-05 11:01:57.999240176,حطين,الرياض,1255.23,2,0.65,0.75,0.7,12152000.0
2023-12-07 05:28:58.366686832,النرجس,الرياض,883.36,4,0.65,0.75,0.7,6951000.0
2023-12-08 23:55:58.734133488,العارض,الرياض,1665.21,4,0.65,0.75,0.7,6286000.0
2023-12-10 18:22:59.101580144,حطين,الرياض,1160.24,2,0.65,0.75,0.7,9181000.0
2023-12-12 12:49:59.469026800,النرجس,الرياض,823.43,3,0.65,0.75,0.7,8243000.0
2023-12-14 07:16:59.836473456,الملقا,الرياض,2687.82,4,0.65,0.75,0.7,23128000.0
2023-12-16 01:44:00.203920128,العارض,الرياض,1099.05,4,0.65,0.75,0.7,5733000.0
2023-12-17 20:11:00.571366784,الياسمين,الرياض,783.98,3,0.65,0.75,0.7,4041000.0
2023-12-19 14:38:00.938813440,القيروان,الرياض,2299.69,2,0.65,0.75,0.7,11217000.0
2023-12-21 09:05:01.306260096,النرجس,الرياض,2277.48,3,0.65,0.75,0.7,11456000.0
2023-12-23 03:32:01.673706752,حطين,الرياض,1418.34,3,0.65,0.75,0.7,15417000.0
2023-12-24 21:59:02.041153408,الملقا,الرياض,628.04,4,0.65,0.75,0.7,4772000.0
2023-12-26 16:26:02.408600080,الياسمين,الرياض,1940.93,3,0.65,0.75,0.7,10639000.0
2023-12-28 10:53:02.776046736,القيروان,الرياض,958.07,4,0.65,0.75,0.7,5300000.0
2023-12-30 05:20:03.143493392,القيروان,الرياض,1422.59,3,0.65,0.75,0.7,10168000.0
2023-12-31 23:47:03.510940048,النرجس,الرياض,2133.24,4,0.65,0.75,0.7,16586000.0
2024-01-02 18:14:03.878386704,الملقا,الرياض,1776.05,2,0.65,0.75,0.7,12432000.0
2024-01-04 12:41:04.245833360,الياسمين,الرياض,1737.76,2,0.65,0.75,0.7,13682000.0
2024-01-06 07:08:04.613280032,الملقا,الرياض,1485.56,3,0.65,0.75,0.7,12208000.0
2024-01-08 01:35:04.980726688,النرجس,الرياض,608.57,3,0.65,0.75,0.7,4880000.0
2024-01-09 20:02:05.348173344,الملقا,الرياض,1432.03,2,0.65,0.75,0.7,9517000.0
2024-01-11 14:29:05.715620,القيروان,الرياض,2614.73,4,0.65,0.75,0.7,17481000.0
2024-01-13 08:56:06.083066656,حطين,الرياض,2159.31,2,0.65,0.75,0.7,21005000.0
2024-01-15 03:23:06.450513312,الياسمين,الرياض,2182.64,2,0.65,0.75,0.7,14212000.0
2024-01-16 21:50:06.817959984,القيروان,الرياض,643.94,3,0.65,0.75,0.7,3826000.0
2024-01-18 16:17:07.185406640,الملقا,الرياض,1518.49,4,0.65,0.75,0.7,14661000.0
2024-01-20 10:44:07.552853296,العارض,الرياض,336.09,3,0.65,0.75,0.7,1076000.0
2024-01-22 05:11:07.920299952,حطين,الرياض,2469.55,4,0.65,0.75,0.7,19028000.0
2024-01-23 23:38:08.287746608,القيروان,الرياض,2306.32,4,0.65,0.75,0.7,10613000.0
2024-01-25 18:05:08.655193264,الياسمين,الرياض,2050.46,2,0.65,0.75,0.7,14036000.0
2024-01-27 12:32:09.022639936,النرجس,الرياض,925.18,2,0.65,0.75,0.7,5943000.0
2024-01-29 06:59:09.390086592,حطين,الرياض,1167.14,4,0.65,0.75,0.7,10086000.0
2024-01-31 01:26:09.757533248,القيروان,الرياض,2207.91,4,0.65,0.75,0.7,13503000.0
2024-02-01 19:53:10.124979904,القيروان,الرياض,422.36,4,0.65,0.75,0.7,2516000.0
2024-02-03 14:20:10.492426560,العارض,الرياض,314.35,3,0.65,0.75,0.7,1895000.0
2024-02-05 08:47:10.859873216,القيروان,الرياض,1780.73,2,0.65,0.75,0.7,9839000.0
2024-02-07 03:14:11.227319888,القيروان,الرياض,1706.9,3,0.65,0.75,0.7,7675000.0
2024-02-08 21:41:11.594766544,حطين,الرياض,1698.62,2,0.65,0.75,0.7,11865000.0
2024-02-10 16:08:11.962213200,النرجس,الرياض,1343.87,2,0.65,0.75,0.7,7184000.0
2024-02-12 10:35:12.329659856,القيروان,الرياض,1355.04,3,0.65,0.75,0.7,8554000.0
2024-02-14 05:02:12.697106512,القيروان,الرياض,2066.16,3,0.65,0.75,0.7,12554000.0
2024-02-15 23:29:13.064553168,النرجس,الرياض,2007.46,3,0.65,0.75,0.7,14872000.0
2024-02-17 17:56:13.431999840,القيروان,الرياض,1342.77,4,0.65,0.75,0.7,6160000.0
2024-02-19 12:23:13.799446496,النرجس,الرياض,1919.38,3,0.65,0.75,0.7,12860000.0
2024-02-21 06:50:14.166893152,القيروان,الرياض,807.39,2,0.65,0.75,0.7,4259000.0
2024-02-23 01:17:14.534339808,النرجس,الرياض,660.86,4,0.65,0.75,0.7,6234000.0
2024-02-24 19:44:14.901786464,القيروان,الرياض,1034.25,3,0.65,0.75,0.7,5717000.0
2024-02-26 14:11:15.269233120,الياسمين,الرياض,2019.26,4,0.65,0.75,0.7,15299000.0
2024-02-28 08:38:15.636679792,الياسمين,الرياض,815.5,3,0.65,0.75,0.7,5051000.0
2024-03-01 03:05:16.004126448,النرجس,الرياض,2067.71,4,0.65,0.75,0.7,15565000.0
2024-03-02 21:32:16.371573104,الياسمين,الرياض,2400.67,4,0.65,0.75,0.7,24578000.0
2024-03-04 15:59:16.739019760,الياسمين,الرياض,2424.11,3,0.65,0.75,0.7,17562000.0
2024-03-06 10:26:17.106466416,النرجس,الرياض,384.1,4,0.65,0.75,0.7,2104000.0
2024-03-08 04:53:17.473913072,حطين,الرياض,1421.15,4,0.65,0.75,0.7,17188000.0
2024-03-09 23:20:17.841359744,النرجس,الرياض,2416.19,2,0.65,0.75,0.7,18186000.0
2024-03-11 17:47:18.208806400,الملقا,الرياض,2697.92,4,0.65,0.75,0.7,26639000.0
2024-03-13 12:14:18.576253056,الملقا,الرياض,1857.1,3,0.65,0.75,0.7,13557000.0
2024-03-15 06:41:18.943699712,حطين,الرياض,2997.01,4,0.65,0.75,0.7,36354000.0
2024-03-17 01:08:19.311146368,النرجس,الرياض,315.44,4,0.65,0.75,0.7,2350000.0
2024-03-18 19:35:19.678593024,الملقا,الرياض,408.95,2,0.65,0.75,0.7,2738000.0
2024-03-20 14:02:20.046039696,القيروان,الرياض,336.99,2,0.65,0.75,0.7,1563000.0
2024-03-22 08:29:20.413486352,حطين,الرياض,338.83,3,0.65,0.75,0.7,3168000.0
2024-03-24 02:56:20.780933008,الياسمين,الرياض,658.14,4,0.65,0.75,0.7,4777000.0
2024-03-25 21:23:21.148379664,النرجس,الرياض,2833.72,2,0.65,0.75,0.7,23684000.0
2024-03-27 15:50:21.515826320,العارض,الرياض,2974.83,4,0.65,0.75,0.7,18716000.0
2024-03-29 10:17:21.883272976,الملقا,الرياض,2125.54,2,0.65,0.75,0.7,15869000.0
2024-03-31 04:44:22.250719648,النرجس,الرياض,2806.09,3,0.65,0.75,0.7,15790000.0
2024-04-01 23:11:22.618166304,الملقا,الرياض,1970.02,4,0.65,0.75,0.7,17300000.0
2024-04-03 17:38:22.985612960,حطين,الرياض,2230.77,2,0.65,0.75,0.7,19151000.0
2024-04-05 12:05:23.353059616,حطين,الرياض,2862.84,2,0.65,0.75,0.7,22252000.0
2024-04-07 06:32:23.720506272,النرجس,الرياض,2842.57,2,0.65,0.75,0.7,21541000.0
2024-04-09 00:59:24.087952928,القيروان,الرياض,446.86,4,0.65,0.75,0.7,2352000.0
2024-04-10 19:26:24.455399600,الياسمين,الرياض,721.76,4,0.65,0.75,0.7,6640000.0
2024-04-12 13:53:24.822846256,حطين,الرياض,784.26,3,0.65,0.75,0.7,7539000.0
2024-04-14 08:20:25.190292912,القيروان,الرياض,758.27,3,0.65,0.75,0.7,4545000.0
2024-04-16 02:47:25.557739568,الياسمين,الرياض,1946.18,4,0.65,0.75,0.7,18516000.0
2024-04-17 21:14:25.925186224,النرجس,الرياض,2757.58,3,0.65,0.75,0.7,17426000.0
2024-04-19 15:41:26.292632880,الياسمين,الرياض,714.97,2,0.65,0.75,0.7,5143000.0
2024-04-21 10:08:26.660079552,الملقا,الرياض,2299.52,4,0.65,0.75,0.7,17220000.0
2024-04-23 04:35:27.027526208,النرجس,الرياض,385.71,3,0.65,0.75,0.7,2425000.0
2024-04-24 23:02:27.394972864,القيروان,الرياض,2683.87,3,0.65,0.75,0.7,14726000.0
2024-04-26 17:29:27.762419520,حطين,الرياض,1654.25,4,0.65,0.75,0.7,19792000.0
2024-04-28 11:56:28.129866176,النرجس,الرياض,1073.6,4,0.65,0.75,0.7,6315000.0
2024-04-30 06:23:28.497312832,حطين,الرياض,841.49,2,0.65,0.75,0.7,8153000.0
2024-05-02 00:50:28.864759504,حطين,الرياض,1555.53,4,0.65,0.75,0.7,16966000.0
2024-05-03 19:17:29.232206160,حطين,الرياض,645.43,4,0.65,0.75,0.7,7134000.0
2024-05-05 13:44:29.599652816,حطين,الرياض,2708.11,2,0.65,0.75,0.7,16506000.0
2024-05-07 08:11:29.967099472,العارض,الرياض,1341.11,3,0.65,0.75,0.7,5761000.0
2024-05-09 02:38:30.334546128,النرجس,الرياض,449.1,3,0.65,0.75,0.7,2244000.0
2024-05-10 21:05:30.701992784,حطين,الرياض,1483.83,4,0.65,0.75,0.7,18214000.0
2024-05-12 15:32:31.069439456,الملقا,الرياض,893.21,3,0.65,0.75,0.7,5794000.0
2024-05-14 09:59:31.436886112,القيروان,الرياض,1259.36,2,0.65,0.75,0.7,5536000.0
2024-05-16 04:26:31.804332768,حطين,الرياض,506.5,4,0.65,0.75,0.7,4615000.0
2024-05-17 22:53:32.171779424,النرجس,الرياض,566.17,4,0.65,0.75,0.7,4454000.0
2024-05-19 17:20:32.539226080,النرجس,الرياض,670.3,3,0.65,0.75,0.7,5287000.0
2024-05-21 11:47:32.906672736,الياسمين,الرياض,1119.78,4,0.65,0.75,0.7,7390000.0
2024-05-23 06:14:33.274119408,النرجس,الرياض,1492.72,4,0.65,0.75,0.7,10257000.0
2024-05-25 00:41:33.641566064,العارض,الرياض,2520.43,3,0.65,0.75,0.7,9142000.0
2024-05-26 19:08:34.009012720,الملقا,الرياض,1237.07,3,0.65,0.75,0.7,10256000.0
2024-05-28 13:35:34.376459376,الياسمين,الرياض,2398.03,4,0.65,0.75,0.7,19781000.0
2024-05-30 08:02:34.743906032,العارض,الرياض,2839.13,3,0.65,0.75,0.7,11589000.0
2024-06-01 02:29:35.111352688,العارض,الرياض,1621.36,2,0.65,0.75,0.7,7418000.0
2024-06-02 20:56:35.478799360,العارض,الرياض,1275.79,4,0.65,0.75,0.7,6952000.0
2024-06-04 15:23:35.846246016,القيروان,الرياض,632.73,4,0.65,0.75,0.7,3317000.0
2024-06-06 09:50:36.213692672,حطين,الرياض,830.33,2,0.65,0.75,0.7,7867000.0
2024-06-08 04:17:36.581139328,النرجس,الرياض,1677.4,2,0.65,0.75,0.7,13259000.0
2024-06-09 22:44:36.948585984,القيروان,الرياض,920.53,4,0.65,0.75,0.7,5967000.0
2024-06-11 17:11:37.316032640,حطين,الرياض,2302.33,4,0.65,0.75,0.7,16743000.0
2024-06-13 11:38:37.683479312,القيروان,الرياض,1052.34,4,0.65,0.75,0.7,5310000.0
2024-06-15 06:05:38.050925968,النرجس,الرياض,2529.42,3,0.65,0.75,0.7,21006000.0
2024-06-17 00:32:38.418372624,الياسمين,الرياض,1302.16,3,0.65,0.75,0.7,11109000.0
2024-06-18 18:59:38.785819280,الياسمين,الرياض,2453.88,4,0.65,0.75,0.7,25992000.0
2024-06-20 13:26:39.153265936,العارض,الرياض,1847.7,2,0.65,0.75,0.7,5984000.0
2024-06-22 07:53:39.520712592,القيروان,الرياض,2116.46,2,0.65,0.75,0.7,11138000.0
2024-06-24 02:20:39.888159264,الياسمين,الرياض,1890.12,2,0.65,0.75,0.7,16509000.0
2024-06-25 20:47:40.255605920,الياسمين,الرياض,1920.76,2,0.65,0.75,0.7,12823000.0
2024-06-27 15:14:40.623052576,الياسمين,الرياض,1537.47,4,0.65,0.75,0.7,11518000.0
2024-06-29 09:41:40.990499232,العارض,الرياض,1093.66,3,0.65,0.75,0.7,5871000.0
2024-07-01 04:08:41.357945888,النرجس,الرياض,2796.21,4,0.65,0.75,0.7,25882000.0
2024-07-02 22:35:41.725392544,الياسمين,الرياض,1563.79,2,0.65,0.75,0.7,12784000.0
2024-07-04 17:02:42.092839216,النرجس,الرياض,2353.15,4,0.65,0.75,0.7,21185000.0
2024-07-06 11:29:42.460285872,القيروان,الرياض,2998.81,3,0.65,0.75,0.7,14237000.0
2024-07-08 05:56:42.827732528,الملقا,الرياض,382.25,2,0.65,0.75,0.7,2416000.0
2024-07-10 00:23:43.195179184,النرجس,الرياض,2045.82,4,0.65,0.75,0.7,16136000.0
2024-07-11 18:50:43.562625840,العارض,الرياض,1653.44,4,0.65,0.75,0.7,9258000.0
2024-07-13 13:17:43.930072496,العارض,الرياض,1051.87,2,0.65,0.75,0.7,4065000.0
2024-07-15 07:44:44.297519168,حطين,الرياض,367.42,3,0.65,0.75,0.7,2994000.0
2024-07-17 02:11:44.664965824,العارض,الرياض,1207.22,2,0.65,0.75,0.7,5587000.0
2024-07-18 20:38:45.032412480,النرجس,الرياض,1949.08,3,0.65,0.75,0.7,13487000.0
2024-07-20 15:05:45.399859136,الملقا,الرياض,2327.08,4,0.65,0.75,0.7,22649000.0
2024-07-22 09:32:45.767305792,الملقا,الرياض,2612.53,4,0.65,0.75,0.7,23414000.0
2024-07-24 03:59:46.134752448,القيروان,الرياض,1287.89,3,0.65,0.75,0.7,5407000.0
2024-07-25 22:26:46.502199120,القيروان,الرياض,2393.16,4,0.65,0.75,0.7,14687000.0
2024-07-27 16:53:46.869645760,الملقا,الرياض,1089.79,2,0.65,0.75,0.7,10090000.0
2024-07-29 11:20:47.237092416,النرجس,الرياض,1016.84,2,0.65,0.75,0.7,6899000.0
2024-07-31 05:47:47.604539104,النرجس,الرياض,819.24,3,0.65,0.75,0.7,6016000.0
2024-08-02 00:14:47.971985760,القيروان,الرياض,1246.12,2,0.65,0.75,0.7,6671000.0
2024-08-03 18:41:48.339432416,النرجس,الرياض,2901.07,3,0.65,0.75,0.7,23642000.0
2024-08-05 13:08:48.706879072,العارض,الرياض,2973.29,3,0.65,0.75,0.7,13951000.0
2024-08-07 07:35:49.074325728,النرجس,الرياض,684.09,4,0.65,0.75,0.7,6060000.0
2024-08-09 02:02:49.441772384,الملقا,الرياض,2835.29,3,0.65,0.75,0.7,27258000.0
2024-08-10 20:29:49.809219040,الياسمين,الرياض,466.88,2,0.65,0.75,0.7,2550000.0
2024-08-12 14:56:50.176665696,العارض,الرياض,1221.85,2,0.65,0.75,0.7,5338000.0
2024-08-14 09:23:50.544112352,حطين,الرياض,1654.1,3,0.65,0.75,0.7,10299000.0
2024-08-16 03:50:50.911559008,العارض,الرياض,778.42,2,0.65,0.75,0.7,2916000.0
2024-08-17 22:17:51.279005664,حطين,الرياض,2842.14,2,0.65,0.75,0.7,19715000.0
2024-08-19 16:44:51.646452320,العارض,الرياض,1410.23,3,0.65,0.75,0.7,6423000.0
2024-08-21 11:11:52.013899008,الياسمين,الرياض,1263.28,4,0.65,0.75,0.7,8849000.0
2024-08-23 05:38:52.381345664,النرجس,الرياض,1488.16,3,0.65,0.75,0.7,8681000.0
2024-08-25 00:05:52.748792320,الملقا,الرياض,1223.69,2,0.65,0.75,0.7,9993000.0
2024-08-26 18:32:53.116238976,القيروان,الرياض,1611.71,3,0.65,0.75,0.7,9267000.0
2024-08-28 12:59:53.483685632,القيروان,الرياض,2864.73,3,0.65,0.75,0.7,13463000.0
2024-08-30 07:26:53.851132288,الملقا,الرياض,614.77,2,0.65,0.75,0.7,4206000.0
2024-09-01 01:53:54.218578944,العارض,الرياض,422.17,4,0.65,0.75,0.7,1514000.0
2024-09-02 20:20:54.586025600,الياسمين,الرياض,2657.15,4,0.65,0.75,0.7,23803000.0
2024-09-04 14:47:54.953472256,العارض,الرياض,1409.31,3,0.65,0.75,0.7,5815000.0
2024-09-06 09:14:55.320918912,الياسمين,الرياض,1857.51,4,0.65,0.75,0.7,14420000.0
2024-09-08 03:41:55.688365568,القيروان,الرياض,548.85,3,0.65,0.75,0.7,2540000.0
2024-09-09 22:08:56.055812224,الياسمين,الرياض,2294.94,4,0.65,0.75,0.7,18522000.0
2024-09-11 16:35:56.423258912,الملقا,الرياض,1737.19,4,0.65,0.75,0.7,11127000.0
2024-09-13 11:02:56.790705568,الملقا,الرياض,2833.45,3,0.65,0.75,0.7,23789000.0
2024-09-15 05:29:57.158152224,الياسمين,الرياض,2442.64,4,0.65,0.75,0.7,19118000.0
2024-09-16 23:56:57.525598880,القيروان,الرياض,435.94,2,0.65,0.75,0.7,2008000.0
2024-09-18 18:23:57.893045536,حطين,الرياض,1536.41,2,0.65,0.75,0.7,13687000.0
2024-09-20 12:50:58.260492192,الياسمين,الرياض,1269.86,2,0.65,0.75,0.7,7997000.0
2024-09-22 07:17:58.627938848,القيروان,الرياض,506.39,4,0.65,0.75,0.7,2983000.0
2024-09-24 01:44:58.995385504,الياسمين,الرياض,1186.08,3,0.65,0.75,0.7,7238000.0
2024-09-25 20:11:59.362832160,الملقا,الرياض,2553.4,3,0.65,0.75,0.7,21208000.0
2024-09-27 14:38:59.730278816,النرجس,الرياض,676.92,4,0.65,0.75,0.7,5906000.0
2024-09-29 09:06:00.097725472,الياسمين,الرياض,1338.45,2,0.65,0.75,0.7,7826000.0
2024-10-01 03:33:00.465172128,الملقا,الرياض,1436.06,3,0.65,0.75,0.7,9771000.0
2024-10-02 22:00:00.832618816,النرجس,الرياض,1584.11,3,0.65,0.75,0.7,9597000.0
2024-10-04 16:27:01.200065472,الملقا,الرياض,1817.91,3,0.65,0.75,0.7,17020000.0
2024-10-06 10:54:01.567512128,القيروان,الرياض,904.75,4,0.65,0.75,0.7,5633000.0
2024-10-08 05:21:01.934958784,النرجس,الرياض,925.0,4,0.65,0.75,0.7,7591000.0
2024-10-09 23:48:02.302405440,حطين,الرياض,2550.84,2,0.65,0.75,0.7,23439000.0
2024-10-11 18:15:02.669852096,العارض,الرياض,1735.48,3,0.65,0.75,0.7,6844000.0
2024-10-13 12:42:03.037298752,العارض,الرياض,885.78,3,0.65,0.75,0.7,3580000.0
2024-10-15 07:09:03.404745408,الياسمين,الرياض,413.17,2,0.65,0.75,0.7,2407000.0
2024-10-17 01:36:03.772192064,النرجس,الرياض,1699.35,3,0.65,0.75,0.7,12005000.0
2024-10-18 20:03:04.139638720,الياسمين,الرياض,2275.01,2,0.65,0.75,0.7,12030000.0
2024-10-20 14:30:04.507085376,الملقا,الرياض,2558.55,4,0.65,0.75,0.7,27415000.0
2024-10-22 08:57:04.874532032,العارض,الرياض,2000.52,4,0.65,0.75,0.7,8761000.0
2024-10-24 03:24:05.241978720,حطين,الرياض,1150.03,3,0.65,0.75,0.7,12798000.0
2024-10-25 21:51:05.609425376,الياسمين,الرياض,2526.07,2,0.65,0.75,0.7,17307000.0
2024-10-27 16:18:05.976872032,حطين,الرياض,321.76,3,0.65,0.75,0.7,2639000.0
2024-10-29 10:45:06.344318688,الملقا,الرياض,1651.29,3,0.65,0.75,0.7,14803000.0
2024-10-31 05:12:06.711765344,حطين,الرياض,1606.86,2,0.65,0.75,0.7,9864000.0
2024-11-01 23:39:07.079212,الملقا,الرياض,406.03,4,0.65,0.75,0.7,4413000.0
